path,spratRatio,herringRatio,smeltRatio,sticklebackRatio
../../../data/Pseudo_Mixtures/Image_17.jpg,0.2669,0.5345,0.0002,0.1984
../../../data/Pseudo_Mixtures/Image_18.jpg,0.2237,0.5437,0.0,0.2326
../../../data/Pseudo_Mixtures/Image_19.jpg,0.2336,0.5671,0.0062,0.1931
../../../data/Pseudo_Mixtures/Image_20.jpg,0.2635,0.5194,0.0,0.2171
../../../data/Pseudo_Mixtures/Image_21.jpg,0.1803,0.5936,0.0,0.2262
../../../data/Pseudo_Mixtures/Image_22.jpg,0.3372,0.4502,0.0,0.2126
../../../data/Pseudo_Mixtures/Image_23.jpg,0.2742,0.5174,0.0,0.2084
../../../data/Pseudo_Mixtures/Image_24.jpg,0.3163,0.5359,0.0002,0.1477
../../../data/Pseudo_Mixtures/Image_25.jpg,0.2436,0.6223,0.0005,0.1336
../../../data/Pseudo_Mixtures/Image_26.jpg,0.2467,0.5473,0.0,0.206
../../../data/Pseudo_Mixtures/Image_27.jpg,0.3225,0.4601,0.0029,0.2145
../../../data/Pseudo_Mixtures/Image_28.jpg,0.2767,0.5356,0.0,0.1877
../../../data/Pseudo_Mixtures/Image_29.jpg,0.2967,0.5718,0.0122,0.1193
../../../data/Pseudo_Mixtures/Image_30.jpg,0.2412,0.5083,0.0,0.2505
../../../data/Pseudo_Mixtures/Image_31.jpg,0.3215,0.5042,0.0,0.1743
../../../data/Pseudo_Mixtures/Image_32.jpg,0.2283,0.5766,0.0,0.1951
../../../data/Pseudo_Mixtures/Image_33.jpg,0.2894,0.5378,0.0,0.1728
../../../data/Pseudo_Mixtures/Image_34.jpg,0.2665,0.5434,0.0006,0.1895
../../../data/Pseudo_Mixtures/Image_35.jpg,0.2952,0.4814,0.0005,0.2229
../../../data/Pseudo_Mixtures/Image_36.jpg,0.2747,0.5575,0.0,0.1677
../../../data/Pseudo_Mixtures/Image_37.jpg,0.3709,0.4923,0.0,0.1368
../../../data/Pseudo_Mixtures/Image_38.jpg,0.271,0.4996,0.0,0.2293
../../../data/Pseudo_Mixtures/Image_39.jpg,0.3058,0.5896,0.0009,0.1038
../../../data/Pseudo_Mixtures/Image_40.jpg,0.2578,0.5176,0.0,0.2246
../../../data/Pseudo_Mixtures/Image_41.jpg,0.3052,0.5584,0.0,0.1363
../../../data/Pseudo_Mixtures/Image_42.jpg,0.2934,0.5292,0.0,0.1774
../../../data/Pseudo_Mixtures/Image_43.jpg,0.3057,0.554,0.0,0.1402
../../../data/Pseudo_Mixtures/Image_44.jpg,0.2674,0.4634,0.0131,0.256
../../../data/Pseudo_Mixtures/Image_45.jpg,0.3267,0.465,0.0,0.2083
../../../data/Pseudo_Mixtures/Image_46.jpg,0.2707,0.5507,0.0,0.1786
../../../data/Pseudo_Mixtures/Image_47.jpg,0.2467,0.4819,0.0,0.2714
../../../data/Pseudo_Mixtures/Image_48.jpg,0.2897,0.4949,0.0,0.2154
../../../data/Pseudo_Mixtures/Image_49.jpg,0.2214,0.5616,0.0,0.2171
../../../data/Pseudo_Mixtures/Image_50.jpg,0.2059,0.5855,0.0,0.2087
../../../data/Pseudo_Mixtures/Image_51.jpg,0.2906,0.5257,0.0,0.1837
../../../data/Pseudo_Mixtures/Image_52.jpg,0.273,0.5002,0.0116,0.2152
../../../data/Pseudo_Mixtures/Image_53.jpg,0.3443,0.4664,0.0229,0.1663
../../../data/Pseudo_Mixtures/Image_54.jpg,0.2255,0.5472,0.0,0.2273
../../../data/Pseudo_Mixtures/Image_55.jpg,0.271,0.5184,0.0,0.2106
../../../data/Pseudo_Mixtures/Image_56.jpg,0.3055,0.5316,0.0,0.1629
../../../data/Pseudo_Mixtures/Image_57.jpg,0.3325,0.5687,0.0006,0.0982
../../../data/Pseudo_Mixtures/Image_58.jpg,0.2791,0.5323,0.0,0.1886
../../../data/Pseudo_Mixtures/Image_59.jpg,0.3058,0.5425,0.0001,0.1516
../../../data/Pseudo_Mixtures/Image_60.jpg,0.1955,0.7098,0.0001,0.0946
../../../data/Pseudo_Mixtures/Image_61.jpg,0.2199,0.5693,0.0,0.2108
../../../data/Pseudo_Mixtures/Image_62.jpg,0.2807,0.5726,0.0,0.1466
../../../data/Pseudo_Mixtures/Image_63.jpg,0.3233,0.4692,0.0,0.2075
../../../data/Pseudo_Mixtures/Image_64.jpg,0.2472,0.595,0.0,0.1578
../../../data/Pseudo_Mixtures/Image_65.jpg,0.2733,0.552,0.0,0.1746
../../../data/Pseudo_Mixtures/Image_66.jpg,0.3569,0.4182,0.0011,0.2238
../../../data/Pseudo_Mixtures/Image_67.jpg,0.2604,0.5248,0.0,0.2147
../../../data/Pseudo_Mixtures/Image_68.jpg,0.2476,0.5217,0.0076,0.2232
../../../data/Pseudo_Mixtures/Image_69.jpg,0.3376,0.5198,0.0,0.1425
../../../data/Pseudo_Mixtures/Image_70.jpg,0.2711,0.5649,0.0,0.1639
../../../data/Pseudo_Mixtures/Image_71.jpg,0.3217,0.4882,0.0001,0.19
../../../data/Pseudo_Mixtures/Image_72.jpg,0.2858,0.5856,0.0,0.1286
../../../data/Pseudo_Mixtures/Image_73.jpg,0.3019,0.4886,0.0,0.2095
../../../data/Pseudo_Mixtures/Image_74.jpg,0.2486,0.5819,0.0006,0.1689
../../../data/Pseudo_Mixtures/Image_75.jpg,0.3023,0.5,0.0,0.1977
../../../data/Pseudo_Mixtures/Image_76.jpg,0.3376,0.4527,0.0,0.2097
../../../data/Pseudo_Mixtures/Image_77.jpg,0.2449,0.597,0.0,0.1581
../../../data/Pseudo_Mixtures/Image_78.jpg,0.2446,0.5207,0.0,0.2347
../../../data/Pseudo_Mixtures/Image_79.jpg,0.2858,0.6044,0.0,0.1098
../../../data/Pseudo_Mixtures/Image_80.jpg,0.2606,0.6485,0.0,0.0909
../../../data/Pseudo_Mixtures/Image_81.jpg,0.271,0.6317,0.0,0.0973
../../../data/Pseudo_Mixtures/Image_82.jpg,0.3477,0.5359,0.0006,0.1159
../../../data/Pseudo_Mixtures/Image_83.jpg,0.2748,0.5121,0.0,0.2131
../../../data/Pseudo_Mixtures/Image_84.jpg,0.2047,0.6311,0.0028,0.1614
../../../data/Pseudo_Mixtures/Image_85.jpg,0.3202,0.5599,0.0,0.1199
../../../data/Pseudo_Mixtures/Image_86.jpg,0.2699,0.5632,0.0,0.1669
../../../data/Pseudo_Mixtures/Image_87.jpg,0.2602,0.5661,0.0162,0.1575
../../../data/Pseudo_Mixtures/Image_88.jpg,0.2873,0.4441,0.0001,0.2685
../../../data/Pseudo_Mixtures/Image_89.jpg,0.4105,0.4046,0.0,0.1849
../../../data/Pseudo_Mixtures/Image_90.jpg,0.3029,0.5083,0.0,0.1888
../../../data/Pseudo_Mixtures/Image_91.jpg,0.2932,0.5745,0.0,0.1323
../../../data/Pseudo_Mixtures/Image_92.jpg,0.3084,0.5692,0.0,0.1224
../../../data/Pseudo_Mixtures/Image_93.jpg,0.2995,0.4983,0.0047,0.1975
../../../data/Pseudo_Mixtures/Image_94.jpg,0.2386,0.6206,0.0,0.1408
../../../data/Pseudo_Mixtures/Image_95.jpg,0.2939,0.4727,0.0,0.2334
../../../data/Pseudo_Mixtures/Image_96.jpg,0.3234,0.4544,0.0,0.2221
../../../data/Pseudo_Mixtures/Image_97.jpg,0.2541,0.4693,0.0107,0.266
../../../data/Pseudo_Mixtures/Image_98.jpg,0.2899,0.5663,0.0,0.1438
../../../data/Pseudo_Mixtures/Image_99.jpg,0.2953,0.5015,0.0114,0.1919
../../../data/Pseudo_Mixtures/Image_100.jpg,0.4351,0.4332,0.0,0.1317
../../../data/Pseudo_Mixtures/Image_101.jpg,0.3814,0.4602,0.0001,0.1583
../../../data/Pseudo_Mixtures/Image_102.jpg,0.3128,0.5173,0.0001,0.1698
../../../data/Pseudo_Mixtures/Image_103.jpg,0.406,0.4828,0.0,0.1112
../../../data/Pseudo_Mixtures/Image_104.jpg,0.357,0.4641,0.0,0.1789
../../../data/Pseudo_Mixtures/Image_105.jpg,0.3316,0.5175,0.0,0.1509
../../../data/Pseudo_Mixtures/Image_106.jpg,0.2759,0.582,0.0,0.142
../../../data/Pseudo_Mixtures/Image_107.jpg,0.2185,0.5917,0.0,0.1898
../../../data/Pseudo_Mixtures/Image_108.jpg,0.264,0.5676,0.0001,0.1683
../../../data/Pseudo_Mixtures/Image_109.jpg,0.2773,0.5168,0.0,0.2059
../../../data/Pseudo_Mixtures/Image_110.jpg,0.294,0.5001,0.0008,0.2051
../../../data/Pseudo_Mixtures/Image_111.jpg,0.3062,0.529,0.0,0.1648
../../../data/Pseudo_Mixtures/Image_112.jpg,0.2732,0.5016,0.0,0.2252
../../../data/Pseudo_Mixtures/Image_113.jpg,0.2352,0.5738,0.0002,0.1908
../../../data/Pseudo_Mixtures/Image_114.jpg,0.2856,0.5704,0.0027,0.1412
../../../data/Pseudo_Mixtures/Image_115.jpg,0.3156,0.4888,0.0,0.1955
../../../data/Pseudo_Mixtures/Image_116.jpg,0.2745,0.4735,0.0,0.2519
../../../data/Pseudo_Mixtures/Image_117.jpg,0.3124,0.5224,0.0,0.1652
../../../data/Pseudo_Mixtures/Image_118.jpg,0.2297,0.6303,0.0,0.14
../../../data/Pseudo_Mixtures/Image_119.jpg,0.3277,0.4221,0.0005,0.2498
../../../data/Pseudo_Mixtures/Image_120.jpg,0.2979,0.5231,0.0,0.179
../../../data/Pseudo_Mixtures/Image_121.jpg,0.2931,0.5549,0.0,0.152
../../../data/Pseudo_Mixtures/Image_122.jpg,0.3345,0.5241,0.0011,0.1404
../../../data/Pseudo_Mixtures/Image_123.jpg,0.2453,0.5155,0.0,0.2392
../../../data/Pseudo_Mixtures/Image_124.jpg,0.2631,0.5595,0.0,0.1774
../../../data/Pseudo_Mixtures/Image_125.jpg,0.3496,0.4914,0.0001,0.1589
../../../data/Pseudo_Mixtures/Image_126.jpg,0.2954,0.5463,0.0,0.1584
../../../data/Pseudo_Mixtures/Image_127.jpg,0.2822,0.5397,0.0,0.1781
../../../data/Pseudo_Mixtures/Image_128.jpg,0.309,0.5439,0.0,0.1472
../../../data/Pseudo_Mixtures/Image_129.jpg,0.2817,0.4938,0.0001,0.2244
../../../data/Pseudo_Mixtures/Image_130.jpg,0.2773,0.5598,0.0247,0.1381
../../../data/Pseudo_Mixtures/Image_131.jpg,0.3035,0.5325,0.0,0.164
../../../data/Pseudo_Mixtures/Image_132.jpg,0.3004,0.525,0.0088,0.1658
../../../data/Pseudo_Mixtures/Image_133.jpg,0.2415,0.6031,0.0,0.1554
../../../data/Pseudo_Mixtures/Image_134.jpg,0.2915,0.5147,0.0,0.1939
../../../data/Pseudo_Mixtures/Image_135.jpg,0.2364,0.5783,0.0001,0.1852
../../../data/Pseudo_Mixtures/Image_136.jpg,0.2878,0.58,0.0,0.1322
../../../data/Pseudo_Mixtures/Image_137.jpg,0.3022,0.4808,0.0,0.2169
../../../data/Pseudo_Mixtures/Image_138.jpg,0.2899,0.5188,0.0,0.1913
../../../data/Pseudo_Mixtures/Image_139.jpg,0.3453,0.5082,0.0009,0.1456
../../../data/Pseudo_Mixtures/Image_140.jpg,0.2326,0.5505,0.0,0.2168
../../../data/Pseudo_Mixtures/Image_141.jpg,0.254,0.5448,0.0004,0.2008
../../../data/Pseudo_Mixtures/Image_142.jpg,0.2609,0.5665,0.0,0.1726
../../../data/Pseudo_Mixtures/Image_143.jpg,0.2449,0.542,0.0033,0.2099
../../../data/Pseudo_Mixtures/Image_144.jpg,0.2748,0.5641,0.0007,0.1603
../../../data/Pseudo_Mixtures/Image_145.jpg,0.284,0.583,0.0072,0.1258
../../../data/Pseudo_Mixtures/Image_146.jpg,0.2585,0.4965,0.0,0.245
../../../data/Pseudo_Mixtures/Image_147.jpg,0.2281,0.6118,0.0,0.1601
../../../data/Pseudo_Mixtures/Image_148.jpg,0.2823,0.5662,0.0,0.1516
../../../data/Pseudo_Mixtures/Image_149.jpg,0.3187,0.5349,0.0,0.1464
../../../data/Pseudo_Mixtures/Image_150.jpg,0.2486,0.538,0.0011,0.2123
../../../data/Pseudo_Mixtures/Image_151.jpg,0.2589,0.5261,0.0,0.215
../../../data/Pseudo_Mixtures/Image_152.jpg,0.4384,0.3272,0.0,0.2345
../../../data/Pseudo_Mixtures/Image_153.jpg,0.2451,0.6094,0.0011,0.1443
../../../data/Pseudo_Mixtures/Image_154.jpg,0.2985,0.5519,0.0,0.1496
../../../data/Pseudo_Mixtures/Image_155.jpg,0.2311,0.5926,0.0,0.1763
../../../data/Pseudo_Mixtures/Image_156.jpg,0.3054,0.4841,0.0,0.2105
../../../data/Pseudo_Mixtures/Image_157.jpg,0.2702,0.5518,0.0005,0.1776
../../../data/Pseudo_Mixtures/Image_158.jpg,0.3165,0.5288,0.0,0.1547
../../../data/Pseudo_Mixtures/Image_159.jpg,0.2744,0.5332,0.0,0.1924
../../../data/Pseudo_Mixtures/Image_160.jpg,0.2542,0.5776,0.0,0.1682
../../../data/Pseudo_Mixtures/Image_161.jpg,0.2299,0.5166,0.0,0.2535
../../../data/Pseudo_Mixtures/Image_162.jpg,0.2469,0.5959,0.0,0.1572
../../../data/Pseudo_Mixtures/Image_163.jpg,0.2899,0.5488,0.0,0.1613
../../../data/Pseudo_Mixtures/Image_164.jpg,0.2643,0.5358,0.0007,0.1993
../../../data/Pseudo_Mixtures/Image_165.jpg,0.2962,0.5099,0.0004,0.1936
../../../data/Pseudo_Mixtures/Image_166.jpg,0.2469,0.551,0.0,0.2021
../../../data/Pseudo_Mixtures/Image_167.jpg,0.2148,0.5887,0.0092,0.1874
../../../data/Pseudo_Mixtures/Image_168.jpg,0.2869,0.5327,0.0001,0.1803
../../../data/Pseudo_Mixtures/Image_169.jpg,0.3523,0.4922,0.0,0.1556
../../../data/Pseudo_Mixtures/Image_170.jpg,0.3017,0.5217,0.0,0.1765
../../../data/Pseudo_Mixtures/Image_171.jpg,0.3214,0.555,0.0,0.1236
../../../data/Pseudo_Mixtures/Image_172.jpg,0.388,0.466,0.0,0.1461
../../../data/Pseudo_Mixtures/Image_173.jpg,0.294,0.516,0.0063,0.1836
../../../data/Pseudo_Mixtures/Image_174.jpg,0.2853,0.5467,0.0001,0.1679
../../../data/Pseudo_Mixtures/Image_175.jpg,0.3153,0.464,0.0001,0.2206
../../../data/Pseudo_Mixtures/Image_176.jpg,0.2637,0.5313,0.0,0.205
../../../data/Pseudo_Mixtures/Image_177.jpg,0.2434,0.5918,0.0,0.1648
../../../data/Pseudo_Mixtures/Image_178.jpg,0.313,0.5081,0.0,0.1789
../../../data/Pseudo_Mixtures/Image_179.jpg,0.3322,0.4594,0.0031,0.2053
../../../data/Pseudo_Mixtures/Image_180.jpg,0.3406,0.4927,0.0,0.1667
../../../data/Pseudo_Mixtures/Image_181.jpg,0.1908,0.6084,0.0,0.2007
../../../data/Pseudo_Mixtures/Image_182.jpg,0.2691,0.4007,0.0032,0.327
../../../data/Pseudo_Mixtures/Image_183.jpg,0.2844,0.5257,0.0,0.1898
../../../data/Pseudo_Mixtures/Image_184.jpg,0.3134,0.5538,0.0,0.1328
../../../data/Pseudo_Mixtures/Image_185.jpg,0.3437,0.5095,0.0064,0.1404
../../../data/Pseudo_Mixtures/Image_186.jpg,0.2858,0.4701,0.0111,0.233
../../../data/Pseudo_Mixtures/Image_187.jpg,0.2604,0.5244,0.0007,0.2145
../../../data/Pseudo_Mixtures/Image_188.jpg,0.2609,0.5197,0.0,0.2193
../../../data/Pseudo_Mixtures/Image_189.jpg,0.2428,0.5786,0.0057,0.1729
../../../data/Pseudo_Mixtures/Image_190.jpg,0.3583,0.4612,0.0,0.1805
../../../data/Pseudo_Mixtures/Image_191.jpg,0.2598,0.6359,0.0,0.1042
../../../data/Pseudo_Mixtures/Image_192.jpg,0.345,0.4816,0.0001,0.1734
../../../data/Pseudo_Mixtures/Image_193.jpg,0.3109,0.479,0.0,0.2101
../../../data/Pseudo_Mixtures/Image_194.jpg,0.3514,0.4438,0.0,0.2048
../../../data/Pseudo_Mixtures/Image_195.jpg,0.283,0.557,0.0,0.1599
../../../data/Pseudo_Mixtures/Image_196.jpg,0.2604,0.5804,0.0004,0.1588
../../../data/Pseudo_Mixtures/Image_197.jpg,0.3241,0.517,0.0,0.1589
../../../data/Pseudo_Mixtures/Image_198.jpg,0.2757,0.5484,0.0,0.176
../../../data/Pseudo_Mixtures/Image_199.jpg,0.3605,0.4562,0.0,0.1833
../../../data/Pseudo_Mixtures/Image_200.jpg,0.2564,0.5703,0.0,0.1733
../../../data/Pseudo_Mixtures/Image_201.jpg,0.2623,0.4833,0.0016,0.2528
../../../data/Pseudo_Mixtures/Image_202.jpg,0.3642,0.5024,0.0034,0.13
../../../data/Pseudo_Mixtures/Image_203.jpg,0.339,0.4452,0.006,0.2098
../../../data/Pseudo_Mixtures/Image_204.jpg,0.2578,0.5879,0.0,0.1543
../../../data/Pseudo_Mixtures/Image_205.jpg,0.3326,0.4587,0.0,0.2087
../../../data/Pseudo_Mixtures/Image_206.jpg,0.286,0.5082,0.0,0.2058
../../../data/Pseudo_Mixtures/Image_207.jpg,0.2532,0.5251,0.0,0.2217
../../../data/Pseudo_Mixtures/Image_208.jpg,0.3447,0.47,0.0045,0.1808
../../../data/Pseudo_Mixtures/Image_209.jpg,0.198,0.5895,0.0001,0.2123
../../../data/Pseudo_Mixtures/Image_210.jpg,0.2925,0.5943,0.0,0.1131
../../../data/Pseudo_Mixtures/Image_211.jpg,0.2779,0.5558,0.0,0.1663
../../../data/Pseudo_Mixtures/Image_212.jpg,0.2311,0.587,0.0,0.1819
../../../data/Pseudo_Mixtures/Image_213.jpg,0.1898,0.6477,0.0,0.1626
../../../data/Pseudo_Mixtures/Image_214.jpg,0.381,0.4304,0.0,0.1886
../../../data/Pseudo_Mixtures/Image_215.jpg,0.2688,0.5966,0.0004,0.1341
../../../data/Pseudo_Mixtures/Image_216.jpg,0.4047,0.4286,0.0,0.1667
../../../data/Pseudo_Mixtures/Image_217.jpg,0.2767,0.5039,0.0,0.2194
../../../data/Pseudo_Mixtures/Image_218.jpg,0.2099,0.5911,0.0,0.1989
../../../data/Pseudo_Mixtures/Image_219.jpg,0.3156,0.5422,0.0,0.1421
../../../data/Pseudo_Mixtures/Image_220.jpg,0.2355,0.5013,0.0003,0.2628
../../../data/Pseudo_Mixtures/Image_221.jpg,0.3174,0.5429,0.0,0.1397
../../../data/Pseudo_Mixtures/Image_222.jpg,0.2809,0.4873,0.0,0.2318
../../../data/Pseudo_Mixtures/Image_223.jpg,0.2642,0.5787,0.0,0.1571
../../../data/Pseudo_Mixtures/Image_224.jpg,0.3054,0.5437,0.0023,0.1486
../../../data/Pseudo_Mixtures/Image_225.jpg,0.3367,0.4436,0.0,0.2196
../../../data/Pseudo_Mixtures/Image_226.jpg,0.2847,0.5408,0.0,0.1745
../../../data/Pseudo_Mixtures/Image_227.jpg,0.3412,0.5209,0.0,0.1379
../../../data/Pseudo_Mixtures/Image_228.jpg,0.3523,0.5086,0.0,0.1391
../../../data/Pseudo_Mixtures/Image_229.jpg,0.3235,0.5115,0.0,0.165
../../../data/Pseudo_Mixtures/Image_230.jpg,0.36,0.4115,0.0,0.2284
../../../data/Pseudo_Mixtures/Image_231.jpg,0.1593,0.6284,0.0,0.2123
../../../data/Pseudo_Mixtures/Image_232.jpg,0.3114,0.5248,0.0052,0.1585
../../../data/Pseudo_Mixtures/Image_233.jpg,0.3122,0.4732,0.0,0.2146
../../../data/Pseudo_Mixtures/Image_234.jpg,0.3384,0.4902,0.0,0.1714
../../../data/Pseudo_Mixtures/Image_235.jpg,0.3005,0.4915,0.0,0.208
../../../data/Pseudo_Mixtures/Image_236.jpg,0.2653,0.5385,0.0013,0.1949
../../../data/Pseudo_Mixtures/Image_237.jpg,0.3248,0.4951,0.0,0.18
../../../data/Pseudo_Mixtures/Image_238.jpg,0.3409,0.4961,0.0008,0.1622
../../../data/Pseudo_Mixtures/Image_239.jpg,0.3074,0.5729,0.0001,0.1196
../../../data/Pseudo_Mixtures/Image_240.jpg,0.2616,0.5117,0.0,0.2267
../../../data/Pseudo_Mixtures/Image_241.jpg,0.2669,0.5806,0.002,0.1505
../../../data/Pseudo_Mixtures/Image_242.jpg,0.3324,0.4247,0.0,0.2429
../../../data/Pseudo_Mixtures/Image_243.jpg,0.2992,0.4084,0.0,0.2924
../../../data/Pseudo_Mixtures/Image_244.jpg,0.2366,0.5884,0.0,0.1751
../../../data/Pseudo_Mixtures/Image_245.jpg,0.2944,0.5135,0.0,0.1921
../../../data/Pseudo_Mixtures/Image_246.jpg,0.2604,0.5921,0.0,0.1474
../../../data/Pseudo_Mixtures/Image_247.jpg,0.2714,0.5074,0.0001,0.2211
../../../data/Pseudo_Mixtures/Image_248.jpg,0.3353,0.5024,0.0001,0.1622
../../../data/Pseudo_Mixtures/Image_249.jpg,0.2365,0.595,0.0,0.1685
../../../data/Pseudo_Mixtures/Image_250.jpg,0.2604,0.5649,0.0,0.1747
../../../data/Pseudo_Mixtures/Image_251.jpg,0.2704,0.5925,0.0,0.137
../../../data/Pseudo_Mixtures/Image_252.jpg,0.1908,0.6046,0.0001,0.2044
../../../data/Pseudo_Mixtures/Image_253.jpg,0.3074,0.5395,0.0,0.1532
../../../data/Pseudo_Mixtures/Image_254.jpg,0.2919,0.5305,0.0,0.1776
../../../data/Pseudo_Mixtures/Image_255.jpg,0.2159,0.554,0.0,0.2301
../../../data/Pseudo_Mixtures/Image_256.jpg,0.341,0.4991,0.0,0.16
../../../data/Pseudo_Mixtures/Image_257.jpg,0.3004,0.5439,0.0,0.1557
../../../data/Pseudo_Mixtures/Image_258.jpg,0.3147,0.4895,0.0006,0.1953
../../../data/Pseudo_Mixtures/Image_259.jpg,0.3221,0.5273,0.0,0.1506
../../../data/Pseudo_Mixtures/Image_260.jpg,0.2999,0.5319,0.0,0.1681
../../../data/Pseudo_Mixtures/Image_261.jpg,0.2938,0.5343,0.0001,0.1718
../../../data/Pseudo_Mixtures/Image_262.jpg,0.2292,0.5303,0.0004,0.24
../../../data/Pseudo_Mixtures/Image_263.jpg,0.2419,0.5804,0.0063,0.1714
../../../data/Pseudo_Mixtures/Image_264.jpg,0.3346,0.4291,0.0,0.2364
../../../data/Pseudo_Mixtures/Image_265.jpg,0.3706,0.5167,0.0,0.1128
../../../data/Pseudo_Mixtures/Image_266.jpg,0.273,0.5065,0.0,0.2205
../../../data/Pseudo_Mixtures/Image_267.jpg,0.3127,0.4789,0.0,0.2084
../../../data/Pseudo_Mixtures/Image_268.jpg,0.2808,0.5689,0.0,0.1502
../../../data/Pseudo_Mixtures/Image_269.jpg,0.3097,0.5663,0.0069,0.1171
../../../data/Pseudo_Mixtures/Image_270.jpg,0.3956,0.4448,0.0,0.1595
../../../data/Pseudo_Mixtures/Image_271.jpg,0.3526,0.4445,0.0,0.2029
../../../data/Pseudo_Mixtures/Image_272.jpg,0.3769,0.4756,0.0,0.1475
../../../data/Pseudo_Mixtures/Image_273.jpg,0.322,0.4718,0.0,0.2062
../../../data/Pseudo_Mixtures/Image_274.jpg,0.261,0.566,0.0,0.1731
../../../data/Pseudo_Mixtures/Image_275.jpg,0.2639,0.5237,0.0,0.2124
../../../data/Pseudo_Mixtures/Image_276.jpg,0.2828,0.4992,0.0,0.218
../../../data/Pseudo_Mixtures/Image_277.jpg,0.2859,0.5087,0.0002,0.2052
../../../data/Pseudo_Mixtures/Image_278.jpg,0.2496,0.5541,0.0,0.1963
../../../data/Pseudo_Mixtures/Image_279.jpg,0.1951,0.5341,0.0,0.2708
../../../data/Pseudo_Mixtures/Image_280.jpg,0.3725,0.5269,0.0083,0.0923
../../../data/Pseudo_Mixtures/Image_281.jpg,0.2867,0.5192,0.0,0.1941
../../../data/Pseudo_Mixtures/Image_282.jpg,0.3044,0.5321,0.0,0.1635
../../../data/Pseudo_Mixtures/Image_283.jpg,0.2977,0.4884,0.0002,0.2137
../../../data/Pseudo_Mixtures/Image_284.jpg,0.2253,0.6082,0.0,0.1665
../../../data/Pseudo_Mixtures/Image_285.jpg,0.3709,0.4674,0.0,0.1617
../../../data/Pseudo_Mixtures/Image_286.jpg,0.3309,0.4966,0.0001,0.1724
../../../data/Pseudo_Mixtures/Image_287.jpg,0.2901,0.5347,0.0,0.1752
../../../data/Pseudo_Mixtures/Image_288.jpg,0.3536,0.5167,0.0009,0.1288
../../../data/Pseudo_Mixtures/Image_289.jpg,0.3103,0.531,0.0003,0.1585
../../../data/Pseudo_Mixtures/Image_290.jpg,0.2494,0.4559,0.0354,0.2593
../../../data/Pseudo_Mixtures/Image_291.jpg,0.2749,0.5659,0.0,0.1591
../../../data/Pseudo_Mixtures/Image_292.jpg,0.2961,0.457,0.0,0.2468
../../../data/Pseudo_Mixtures/Image_293.jpg,0.2677,0.5685,0.0,0.1638
../../../data/Pseudo_Mixtures/Image_294.jpg,0.245,0.617,0.0,0.1379
../../../data/Pseudo_Mixtures/Image_295.jpg,0.3351,0.4917,0.0003,0.1728
../../../data/Pseudo_Mixtures/Image_296.jpg,0.2595,0.483,0.0003,0.2572
../../../data/Pseudo_Mixtures/Image_297.jpg,0.28,0.5531,0.0005,0.1664
../../../data/Pseudo_Mixtures/Image_298.jpg,0.267,0.5631,0.0,0.1699
../../../data/Pseudo_Mixtures/Image_299.jpg,0.3982,0.4508,0.0,0.1511
../../../data/Pseudo_Mixtures/Image_300.jpg,0.3419,0.4753,0.0,0.1828
../../../data/Pseudo_Mixtures/Image_301.jpg,0.3336,0.5364,0.0027,0.1274
../../../data/Pseudo_Mixtures/Image_302.jpg,0.2294,0.589,0.0,0.1815
../../../data/Pseudo_Mixtures/Image_303.jpg,0.2714,0.5115,0.0,0.2172
../../../data/Pseudo_Mixtures/Image_304.jpg,0.2424,0.5484,0.0,0.2092
../../../data/Pseudo_Mixtures/Image_305.jpg,0.3137,0.5196,0.0,0.1667
../../../data/Pseudo_Mixtures/Image_306.jpg,0.2624,0.555,0.0,0.1826
../../../data/Pseudo_Mixtures/Image_307.jpg,0.345,0.4618,0.0,0.1933
../../../data/Pseudo_Mixtures/Image_308.jpg,0.3018,0.559,0.0022,0.137
../../../data/Pseudo_Mixtures/Image_309.jpg,0.3801,0.4154,0.0,0.2045
../../../data/Pseudo_Mixtures/Image_310.jpg,0.2592,0.5482,0.0,0.1925
../../../data/Pseudo_Mixtures/Image_311.jpg,0.3247,0.4698,0.0,0.2055
../../../data/Pseudo_Mixtures/Image_312.jpg,0.2978,0.5399,0.0,0.1624
../../../data/Pseudo_Mixtures/Image_313.jpg,0.4106,0.4327,0.0,0.1566
../../../data/Pseudo_Mixtures/Image_314.jpg,0.2798,0.5571,0.0,0.1631
../../../data/Pseudo_Mixtures/Image_315.jpg,0.2432,0.5482,0.0062,0.2023
../../../data/Pseudo_Mixtures/Image_316.jpg,0.2922,0.4984,0.0,0.2094
../../../data/Pseudo_Mixtures/Image_317.jpg,0.3198,0.4847,0.0023,0.1932
../../../data/Pseudo_Mixtures/Image_318.jpg,0.2438,0.5377,0.0032,0.2152
../../../data/Pseudo_Mixtures/Image_319.jpg,0.3034,0.4603,0.0,0.2363
../../../data/Pseudo_Mixtures/Image_320.jpg,0.3678,0.4601,0.0,0.1722
../../../data/Pseudo_Mixtures/Image_321.jpg,0.2663,0.5518,0.0009,0.181
../../../data/Pseudo_Mixtures/Image_322.jpg,0.4219,0.4469,0.0,0.1313
../../../data/Pseudo_Mixtures/Image_323.jpg,0.2726,0.5462,0.0,0.1811
../../../data/Pseudo_Mixtures/Image_324.jpg,0.2377,0.5375,0.0,0.2249
../../../data/Pseudo_Mixtures/Image_325.jpg,0.2611,0.5927,0.0,0.1462
../../../data/Pseudo_Mixtures/Image_326.jpg,0.2607,0.5928,0.0,0.1464
../../../data/Pseudo_Mixtures/Image_327.jpg,0.2772,0.5431,0.0,0.1797
../../../data/Pseudo_Mixtures/Image_328.jpg,0.2926,0.5187,0.0068,0.1819
../../../data/Pseudo_Mixtures/Image_329.jpg,0.2384,0.5358,0.0,0.2258
../../../data/Pseudo_Mixtures/Image_330.jpg,0.2862,0.4994,0.0041,0.2103
../../../data/Pseudo_Mixtures/Image_331.jpg,0.3523,0.4489,0.0,0.1988
../../../data/Pseudo_Mixtures/Image_332.jpg,0.3885,0.4141,0.0001,0.1973
../../../data/Pseudo_Mixtures/Image_333.jpg,0.2818,0.5502,0.0,0.168
../../../data/Pseudo_Mixtures/Image_334.jpg,0.2532,0.5899,0.0017,0.1553
../../../data/Pseudo_Mixtures/Image_335.jpg,0.1967,0.5742,0.004,0.2251
../../../data/Pseudo_Mixtures/Image_336.jpg,0.3199,0.5268,0.0,0.1532
../../../data/Pseudo_Mixtures/Image_337.jpg,0.2123,0.6362,0.0001,0.1514
../../../data/Pseudo_Mixtures/Image_338.jpg,0.3273,0.4573,0.0,0.2153
../../../data/Pseudo_Mixtures/Image_339.jpg,0.3567,0.4804,0.0152,0.1477
../../../data/Pseudo_Mixtures/Image_340.jpg,0.2403,0.5083,0.0,0.2515
../../../data/Pseudo_Mixtures/Image_341.jpg,0.3859,0.4792,0.0,0.1349
../../../data/Pseudo_Mixtures/Image_342.jpg,0.3449,0.5439,0.0112,0.1
../../../data/Pseudo_Mixtures/Image_343.jpg,0.2283,0.5794,0.0,0.1923
../../../data/Pseudo_Mixtures/Image_344.jpg,0.3187,0.5311,0.0,0.1503
../../../data/Pseudo_Mixtures/Image_345.jpg,0.3091,0.5783,0.0,0.1126
../../../data/Pseudo_Mixtures/Image_346.jpg,0.3011,0.5123,0.0,0.1865
../../../data/Pseudo_Mixtures/Image_347.jpg,0.2846,0.5408,0.0052,0.1694
../../../data/Pseudo_Mixtures/Image_348.jpg,0.3174,0.4661,0.0,0.2165
../../../data/Pseudo_Mixtures/Image_349.jpg,0.2826,0.5528,0.0,0.1645
../../../data/Pseudo_Mixtures/Image_350.jpg,0.2629,0.5831,0.0003,0.1538
../../../data/Pseudo_Mixtures/Image_351.jpg,0.3393,0.5221,0.0001,0.1385
../../../data/Pseudo_Mixtures/Image_352.jpg,0.2576,0.5896,0.0012,0.1516
../../../data/Pseudo_Mixtures/Image_353.jpg,0.263,0.5164,0.0,0.2205
../../../data/Pseudo_Mixtures/Image_354.jpg,0.2927,0.484,0.0,0.2234
../../../data/Pseudo_Mixtures/Image_355.jpg,0.3456,0.5008,0.0,0.1536
../../../data/Pseudo_Mixtures/Image_356.jpg,0.3159,0.434,0.0,0.2501
../../../data/Pseudo_Mixtures/Image_357.jpg,0.4628,0.4288,0.0,0.1084
../../../data/Pseudo_Mixtures/Image_358.jpg,0.2068,0.5455,0.0,0.2478
../../../data/Pseudo_Mixtures/Image_359.jpg,0.2854,0.4756,0.0,0.239
../../../data/Pseudo_Mixtures/Image_360.jpg,0.3204,0.502,0.0048,0.1728
../../../data/Pseudo_Mixtures/Image_361.jpg,0.3026,0.5129,0.0018,0.1828
../../../data/Pseudo_Mixtures/Image_362.jpg,0.2882,0.4633,0.0,0.2485
../../../data/Pseudo_Mixtures/Image_363.jpg,0.266,0.55,0.0022,0.1817
../../../data/Pseudo_Mixtures/Image_364.jpg,0.3047,0.5163,0.0,0.179
../../../data/Pseudo_Mixtures/Image_365.jpg,0.2675,0.4885,0.0,0.244
../../../data/Pseudo_Mixtures/Image_366.jpg,0.3107,0.4549,0.0,0.2344
../../../data/Pseudo_Mixtures/Image_367.jpg,0.2866,0.4845,0.0,0.2289
../../../data/Pseudo_Mixtures/Image_368.jpg,0.2779,0.5069,0.0011,0.2141
../../../data/Pseudo_Mixtures/Image_369.jpg,0.3514,0.4746,0.0009,0.1731
../../../data/Pseudo_Mixtures/Image_370.jpg,0.2998,0.5002,0.0007,0.1993
../../../data/Pseudo_Mixtures/Image_371.jpg,0.2153,0.6106,0.0019,0.1723
../../../data/Pseudo_Mixtures/Image_372.jpg,0.3191,0.5113,0.0,0.1696
../../../data/Pseudo_Mixtures/Image_373.jpg,0.2417,0.4925,0.0004,0.2653
../../../data/Pseudo_Mixtures/Image_374.jpg,0.2302,0.576,0.0,0.1938
../../../data/Pseudo_Mixtures/Image_375.jpg,0.3085,0.5345,0.0,0.1569
../../../data/Pseudo_Mixtures/Image_376.jpg,0.227,0.5435,0.0004,0.2291
../../../data/Pseudo_Mixtures/Image_377.jpg,0.3344,0.5374,0.0,0.1282
../../../data/Pseudo_Mixtures/Image_378.jpg,0.2284,0.5951,0.0,0.1765
../../../data/Pseudo_Mixtures/Image_379.jpg,0.3482,0.5093,0.0,0.1425
../../../data/Pseudo_Mixtures/Image_380.jpg,0.2778,0.5683,0.0,0.1539
../../../data/Pseudo_Mixtures/Image_381.jpg,0.2872,0.5207,0.0,0.1921
../../../data/Pseudo_Mixtures/Image_382.jpg,0.2833,0.6034,0.0,0.1133
../../../data/Pseudo_Mixtures/Image_383.jpg,0.2408,0.5506,0.0,0.2086
../../../data/Pseudo_Mixtures/Image_384.jpg,0.3718,0.4591,0.0,0.1691
../../../data/Pseudo_Mixtures/Image_385.jpg,0.3459,0.4758,0.0,0.1783
../../../data/Pseudo_Mixtures/Image_386.jpg,0.2779,0.4281,0.0,0.2939
../../../data/Pseudo_Mixtures/Image_387.jpg,0.268,0.5083,0.0,0.2238
../../../data/Pseudo_Mixtures/Image_388.jpg,0.2809,0.5504,0.0,0.1687
../../../data/Pseudo_Mixtures/Image_389.jpg,0.2994,0.5201,0.0,0.1805
../../../data/Pseudo_Mixtures/Image_390.jpg,0.2689,0.5356,0.0,0.1955
../../../data/Pseudo_Mixtures/Image_391.jpg,0.2949,0.5345,0.0053,0.1652
../../../data/Pseudo_Mixtures/Image_392.jpg,0.3085,0.5118,0.0,0.1797
../../../data/Pseudo_Mixtures/Image_393.jpg,0.2728,0.5293,0.0005,0.1974
../../../data/Pseudo_Mixtures/Image_394.jpg,0.3005,0.5443,0.0,0.1552
../../../data/Pseudo_Mixtures/Image_395.jpg,0.3144,0.4897,0.0,0.1959
../../../data/Pseudo_Mixtures/Image_396.jpg,0.301,0.4973,0.0,0.2016
../../../data/Pseudo_Mixtures/Image_397.jpg,0.2319,0.5205,0.0,0.2477
../../../data/Pseudo_Mixtures/Image_398.jpg,0.2557,0.5613,0.0027,0.1803
../../../data/Pseudo_Mixtures/Image_399.jpg,0.2755,0.5285,0.0046,0.1914
../../../data/Pseudo_Mixtures/Image_400.jpg,0.3961,0.4938,0.0,0.11
../../../data/Pseudo_Mixtures/Image_401.jpg,0.269,0.6038,0.0,0.1272
../../../data/Pseudo_Mixtures/Image_402.jpg,0.2372,0.5364,0.0108,0.2155
../../../data/Pseudo_Mixtures/Image_403.jpg,0.3364,0.4692,0.0,0.1944
../../../data/Pseudo_Mixtures/Image_404.jpg,0.2493,0.6,0.0,0.1507
../../../data/Pseudo_Mixtures/Image_405.jpg,0.2716,0.5786,0.0,0.1499
../../../data/Pseudo_Mixtures/Image_406.jpg,0.3093,0.5788,0.0,0.1118
../../../data/Pseudo_Mixtures/Image_407.jpg,0.3254,0.4986,0.0011,0.1749
../../../data/Pseudo_Mixtures/Image_408.jpg,0.3011,0.414,0.0002,0.2847
../../../data/Pseudo_Mixtures/Image_409.jpg,0.2751,0.5509,0.0,0.174
../../../data/Pseudo_Mixtures/Image_410.jpg,0.3023,0.5019,0.0,0.1958
../../../data/Pseudo_Mixtures/Image_411.jpg,0.3705,0.4525,0.0,0.177
../../../data/Pseudo_Mixtures/Image_412.jpg,0.3017,0.48,0.0,0.2182
../../../data/Pseudo_Mixtures/Image_413.jpg,0.3072,0.4392,0.0092,0.2443
../../../data/Pseudo_Mixtures/Image_414.jpg,0.2962,0.4773,0.0,0.2266
../../../data/Pseudo_Mixtures/Image_415.jpg,0.2974,0.5432,0.0,0.1593
../../../data/Pseudo_Mixtures/Image_416.jpg,0.2992,0.5382,0.0,0.1626
../../../data/Pseudo_Mixtures/Image_417.jpg,0.2889,0.5453,0.0,0.1659
../../../data/Pseudo_Mixtures/Image_418.jpg,0.2802,0.5463,0.0,0.1736
../../../data/Pseudo_Mixtures/Image_419.jpg,0.3382,0.4507,0.0001,0.211
../../../data/Pseudo_Mixtures/Image_420.jpg,0.2214,0.5367,0.0,0.2419
../../../data/Pseudo_Mixtures/Image_421.jpg,0.2851,0.5613,0.0,0.1537
../../../data/Pseudo_Mixtures/Image_422.jpg,0.2837,0.5478,0.0113,0.1573
../../../data/Pseudo_Mixtures/Image_423.jpg,0.2234,0.6185,0.0,0.158
../../../data/Pseudo_Mixtures/Image_424.jpg,0.2504,0.5727,0.0,0.1769
../../../data/Pseudo_Mixtures/Image_425.jpg,0.3618,0.5297,0.0,0.1085
../../../data/Pseudo_Mixtures/Image_426.jpg,0.231,0.5971,0.0,0.1719
../../../data/Pseudo_Mixtures/Image_427.jpg,0.276,0.5938,0.0,0.1302
../../../data/Pseudo_Mixtures/Image_428.jpg,0.2834,0.4976,0.0,0.219
../../../data/Pseudo_Mixtures/Image_429.jpg,0.3989,0.3705,0.0001,0.2306
../../../data/Pseudo_Mixtures/Image_430.jpg,0.2057,0.5761,0.0,0.2181
../../../data/Pseudo_Mixtures/Image_431.jpg,0.3292,0.5,0.0,0.1708
../../../data/Pseudo_Mixtures/Image_432.jpg,0.3383,0.4566,0.0,0.2051
../../../data/Pseudo_Mixtures/Image_433.jpg,0.3504,0.4353,0.0,0.2142
../../../data/Pseudo_Mixtures/Image_434.jpg,0.3573,0.5194,0.0011,0.1221
../../../data/Pseudo_Mixtures/Image_435.jpg,0.2814,0.4361,0.0,0.2825
../../../data/Pseudo_Mixtures/Image_436.jpg,0.2937,0.5308,0.001,0.1745
../../../data/Pseudo_Mixtures/Image_437.jpg,0.2541,0.6121,0.0005,0.1333
../../../data/Pseudo_Mixtures/Image_438.jpg,0.2902,0.5216,0.0,0.1881
../../../data/Pseudo_Mixtures/Image_439.jpg,0.269,0.6097,0.0,0.1212
../../../data/Pseudo_Mixtures/Image_440.jpg,0.3136,0.4833,0.0015,0.2015
../../../data/Pseudo_Mixtures/Image_441.jpg,0.2305,0.5887,0.0004,0.1804
../../../data/Pseudo_Mixtures/Image_442.jpg,0.3709,0.3966,0.0006,0.2319
../../../data/Pseudo_Mixtures/Image_443.jpg,0.2903,0.5519,0.0,0.1578
../../../data/Pseudo_Mixtures/Image_444.jpg,0.2517,0.5189,0.0,0.2294
../../../data/Pseudo_Mixtures/Image_445.jpg,0.1906,0.519,0.0009,0.2895
../../../data/Pseudo_Mixtures/Image_446.jpg,0.3083,0.4964,0.0073,0.188
../../../data/Pseudo_Mixtures/Image_447.jpg,0.2906,0.5275,0.0,0.1819
../../../data/Pseudo_Mixtures/Image_448.jpg,0.2511,0.499,0.0001,0.2497
../../../data/Pseudo_Mixtures/Image_449.jpg,0.2726,0.6039,0.0009,0.1226
../../../data/Pseudo_Mixtures/Image_450.jpg,0.2385,0.5437,0.0,0.2178
../../../data/Pseudo_Mixtures/Image_451.jpg,0.2461,0.5625,0.0,0.1914
../../../data/Pseudo_Mixtures/Image_452.jpg,0.264,0.5517,0.0,0.1843
../../../data/Pseudo_Mixtures/Image_453.jpg,0.3136,0.4803,0.0005,0.2056
../../../data/Pseudo_Mixtures/Image_454.jpg,0.3055,0.4751,0.0,0.2195
../../../data/Pseudo_Mixtures/Image_455.jpg,0.3097,0.5464,0.0001,0.1438
../../../data/Pseudo_Mixtures/Image_456.jpg,0.2387,0.6122,0.0,0.1492
../../../data/Pseudo_Mixtures/Image_457.jpg,0.3043,0.5573,0.0,0.1383
../../../data/Pseudo_Mixtures/Image_458.jpg,0.3011,0.4777,0.0,0.2211
../../../data/Pseudo_Mixtures/Image_459.jpg,0.2809,0.5289,0.0,0.1902
../../../data/Pseudo_Mixtures/Image_460.jpg,0.2448,0.5607,0.0,0.1945
../../../data/Pseudo_Mixtures/Image_461.jpg,0.2297,0.5461,0.0,0.2243
../../../data/Pseudo_Mixtures/Image_462.jpg,0.2335,0.548,0.0,0.2185
../../../data/Pseudo_Mixtures/Image_463.jpg,0.247,0.5381,0.0,0.2149
../../../data/Pseudo_Mixtures/Image_464.jpg,0.3244,0.4619,0.0005,0.2131
../../../data/Pseudo_Mixtures/Image_465.jpg,0.3231,0.4873,0.0,0.1896
../../../data/Pseudo_Mixtures/Image_466.jpg,0.296,0.5599,0.0,0.1441
../../../data/Pseudo_Mixtures/Image_467.jpg,0.2107,0.6107,0.0002,0.1784
../../../data/Pseudo_Mixtures/Image_468.jpg,0.287,0.474,0.0,0.239
../../../data/Pseudo_Mixtures/Image_469.jpg,0.2932,0.5186,0.0,0.1882
../../../data/Pseudo_Mixtures/Image_470.jpg,0.3178,0.4521,0.0117,0.2184
../../../data/Pseudo_Mixtures/Image_471.jpg,0.2475,0.5407,0.0,0.2117
../../../data/Pseudo_Mixtures/Image_472.jpg,0.2351,0.5419,0.0,0.223
../../../data/Pseudo_Mixtures/Image_473.jpg,0.3272,0.4729,0.0,0.1999
../../../data/Pseudo_Mixtures/Image_474.jpg,0.2959,0.542,0.0,0.1621
../../../data/Pseudo_Mixtures/Image_475.jpg,0.325,0.4797,0.0,0.1952
../../../data/Pseudo_Mixtures/Image_476.jpg,0.3589,0.4826,0.0,0.1584
../../../data/Pseudo_Mixtures/Image_477.jpg,0.2985,0.4745,0.0,0.2271
../../../data/Pseudo_Mixtures/Image_478.jpg,0.2866,0.4806,0.0002,0.2327
../../../data/Pseudo_Mixtures/Image_479.jpg,0.3318,0.5036,0.0,0.1646
../../../data/Pseudo_Mixtures/Image_480.jpg,0.2797,0.4588,0.0,0.2615
../../../data/Pseudo_Mixtures/Image_481.jpg,0.2067,0.5893,0.0,0.204
../../../data/Pseudo_Mixtures/Image_482.jpg,0.3326,0.4838,0.0,0.1836
../../../data/Pseudo_Mixtures/Image_483.jpg,0.2822,0.5804,0.0002,0.1372
../../../data/Pseudo_Mixtures/Image_484.jpg,0.2326,0.4619,0.0,0.3055
../../../data/Pseudo_Mixtures/Image_485.jpg,0.2845,0.5555,0.0,0.16
../../../data/Pseudo_Mixtures/Image_486.jpg,0.2721,0.5812,0.0,0.1466
../../../data/Pseudo_Mixtures/Image_487.jpg,0.2694,0.4972,0.0007,0.2328
../../../data/Pseudo_Mixtures/Image_488.jpg,0.2843,0.4522,0.0,0.2635
../../../data/Pseudo_Mixtures/Image_489.jpg,0.2471,0.5496,0.0,0.2034
../../../data/Pseudo_Mixtures/Image_490.jpg,0.3509,0.4732,0.0,0.1759
../../../data/Pseudo_Mixtures/Image_491.jpg,0.3935,0.4771,0.0003,0.1291
../../../data/Pseudo_Mixtures/Image_492.jpg,0.3122,0.5389,0.0,0.1489
../../../data/Pseudo_Mixtures/Image_493.jpg,0.3222,0.546,0.0,0.1318
../../../data/Pseudo_Mixtures/Image_494.jpg,0.2115,0.598,0.0,0.1905
../../../data/Pseudo_Mixtures/Image_495.jpg,0.2905,0.569,0.0,0.1405
../../../data/Pseudo_Mixtures/Image_496.jpg,0.282,0.556,0.0,0.1621
../../../data/Pseudo_Mixtures/Image_497.jpg,0.2044,0.629,0.001,0.1656
../../../data/Pseudo_Mixtures/Image_498.jpg,0.2678,0.4932,0.0,0.239
../../../data/Pseudo_Mixtures/Image_499.jpg,0.3479,0.482,0.0,0.1701
../../../data/Pseudo_Mixtures/Image_500.jpg,0.3357,0.4884,0.0,0.1759
../../../data/Pseudo_Mixtures/Image_501.jpg,0.3543,0.4511,0.0,0.1946
../../../data/Pseudo_Mixtures/Image_502.jpg,0.3298,0.515,0.0011,0.154
../../../data/Pseudo_Mixtures/Image_503.jpg,0.3072,0.483,0.0001,0.2098
../../../data/Pseudo_Mixtures/Image_504.jpg,0.2469,0.5455,0.0,0.2075
../../../data/Pseudo_Mixtures/Image_505.jpg,0.2667,0.5853,0.0,0.1481
../../../data/Pseudo_Mixtures/Image_506.jpg,0.2568,0.5452,0.0,0.198
../../../data/Pseudo_Mixtures/Image_507.jpg,0.3241,0.5016,0.0,0.1744
../../../data/Pseudo_Mixtures/Image_508.jpg,0.2881,0.5542,0.0,0.1577
../../../data/Pseudo_Mixtures/Image_509.jpg,0.2587,0.5819,0.0,0.1594
../../../data/Pseudo_Mixtures/Image_510.jpg,0.2902,0.4744,0.0,0.2353
../../../data/Pseudo_Mixtures/Image_511.jpg,0.2632,0.5733,0.0001,0.1635
../../../data/Pseudo_Mixtures/Image_512.jpg,0.2973,0.4557,0.0,0.247
../../../data/Pseudo_Mixtures/Image_513.jpg,0.1917,0.6068,0.0,0.2014
../../../data/Pseudo_Mixtures/Image_514.jpg,0.3296,0.4656,0.0007,0.204
../../../data/Pseudo_Mixtures/Image_515.jpg,0.3479,0.4946,0.0,0.1576
../../../data/Pseudo_Mixtures/Image_516.jpg,0.2597,0.5484,0.0,0.192
../../../data/Pseudo_Mixtures/Image_517.jpg,0.3164,0.5285,0.0,0.1551
../../../data/Pseudo_Mixtures/Image_518.jpg,0.3565,0.5161,0.0,0.1273
../../../data/Pseudo_Mixtures/Image_519.jpg,0.2194,0.5771,0.0,0.2036
../../../data/Pseudo_Mixtures/Image_520.jpg,0.2433,0.5177,0.0,0.2391
../../../data/Pseudo_Mixtures/Image_521.jpg,0.2928,0.5756,0.0031,0.1285
../../../data/Pseudo_Mixtures/Image_522.jpg,0.2772,0.5952,0.0,0.1276
../../../data/Pseudo_Mixtures/Image_523.jpg,0.3341,0.4782,0.0304,0.1573
../../../data/Pseudo_Mixtures/Image_524.jpg,0.2546,0.5238,0.0,0.2216
../../../data/Pseudo_Mixtures/Image_525.jpg,0.3,0.6024,0.0,0.0976
../../../data/Pseudo_Mixtures/Image_526.jpg,0.2824,0.5151,0.0006,0.2018
../../../data/Pseudo_Mixtures/Image_527.jpg,0.272,0.5407,0.0,0.1873
../../../data/Pseudo_Mixtures/Image_528.jpg,0.3461,0.4616,0.0016,0.1908
../../../data/Pseudo_Mixtures/Image_529.jpg,0.2605,0.4406,0.0026,0.2963
../../../data/Pseudo_Mixtures/Image_530.jpg,0.3134,0.4693,0.0003,0.217
../../../data/Pseudo_Mixtures/Image_531.jpg,0.1945,0.6235,0.0006,0.1814
../../../data/Pseudo_Mixtures/Image_532.jpg,0.2681,0.5247,0.0,0.2072
../../../data/Pseudo_Mixtures/Image_533.jpg,0.3138,0.5419,0.0,0.1443
../../../data/Pseudo_Mixtures/Image_534.jpg,0.2727,0.5309,0.0023,0.1941
../../../data/Pseudo_Mixtures/Image_535.jpg,0.2469,0.5834,0.0008,0.1688
../../../data/Pseudo_Mixtures/Image_536.jpg,0.3406,0.477,0.001,0.1814
../../../data/Pseudo_Mixtures/Image_537.jpg,0.2466,0.5795,0.0,0.1739
../../../data/Pseudo_Mixtures/Image_538.jpg,0.3432,0.4889,0.0,0.168
../../../data/Pseudo_Mixtures/Image_539.jpg,0.3441,0.4716,0.0006,0.1838
../../../data/Pseudo_Mixtures/Image_540.jpg,0.2858,0.5796,0.0,0.1346
../../../data/Pseudo_Mixtures/Image_541.jpg,0.3115,0.5001,0.0,0.1884
../../../data/Pseudo_Mixtures/Image_542.jpg,0.2429,0.5347,0.0,0.2224
../../../data/Pseudo_Mixtures/Image_543.jpg,0.2749,0.481,0.0001,0.244
../../../data/Pseudo_Mixtures/Image_544.jpg,0.2724,0.5388,0.0,0.1888
../../../data/Pseudo_Mixtures/Image_545.jpg,0.2132,0.5129,0.0,0.2739
../../../data/Pseudo_Mixtures/Image_546.jpg,0.1864,0.6971,0.0006,0.1159
../../../data/Pseudo_Mixtures/Image_547.jpg,0.22,0.5209,0.0,0.2591
../../../data/Pseudo_Mixtures/Image_548.jpg,0.2763,0.466,0.0001,0.2576
../../../data/Pseudo_Mixtures/Image_549.jpg,0.4263,0.4095,0.0,0.1642
../../../data/Pseudo_Mixtures/Image_550.jpg,0.2834,0.5934,0.0,0.1232
../../../data/Pseudo_Mixtures/Image_551.jpg,0.3525,0.4734,0.0,0.1741
../../../data/Pseudo_Mixtures/Image_552.jpg,0.2566,0.5707,0.0052,0.1676
../../../data/Pseudo_Mixtures/Image_553.jpg,0.2973,0.5787,0.0,0.124
../../../data/Pseudo_Mixtures/Image_554.jpg,0.358,0.4358,0.0,0.2062
../../../data/Pseudo_Mixtures/Image_555.jpg,0.2737,0.3972,0.0088,0.3203
../../../data/Pseudo_Mixtures/Image_556.jpg,0.3185,0.4491,0.0,0.2323
../../../data/Pseudo_Mixtures/Image_557.jpg,0.3276,0.4625,0.0,0.2098
../../../data/Pseudo_Mixtures/Image_558.jpg,0.3456,0.4802,0.0,0.1742
../../../data/Pseudo_Mixtures/Image_559.jpg,0.3767,0.5201,0.0,0.1032
../../../data/Pseudo_Mixtures/Image_560.jpg,0.2839,0.5924,0.0,0.1237
../../../data/Pseudo_Mixtures/Image_561.jpg,0.2561,0.6029,0.0,0.141
../../../data/Pseudo_Mixtures/Image_562.jpg,0.3388,0.4887,0.0,0.1725
../../../data/Pseudo_Mixtures/Image_563.jpg,0.3216,0.4405,0.0,0.2379
../../../data/Pseudo_Mixtures/Image_564.jpg,0.251,0.579,0.0007,0.1693
../../../data/Pseudo_Mixtures/Image_565.jpg,0.2522,0.5502,0.0004,0.1972
../../../data/Pseudo_Mixtures/Image_566.jpg,0.3441,0.422,0.0,0.2339
../../../data/Pseudo_Mixtures/Image_567.jpg,0.3011,0.5115,0.0,0.1874
../../../data/Pseudo_Mixtures/Image_568.jpg,0.3261,0.5691,0.007,0.0979
../../../data/Pseudo_Mixtures/Image_569.jpg,0.2829,0.5208,0.0,0.1963
../../../data/Pseudo_Mixtures/Image_570.jpg,0.2327,0.5576,0.0,0.2097
../../../data/Pseudo_Mixtures/Image_571.jpg,0.2624,0.5252,0.0,0.2124
../../../data/Pseudo_Mixtures/Image_572.jpg,0.2926,0.5351,0.0018,0.1705
../../../data/Pseudo_Mixtures/Image_573.jpg,0.2334,0.5889,0.0,0.1777
../../../data/Pseudo_Mixtures/Image_574.jpg,0.2479,0.589,0.0,0.1631
../../../data/Pseudo_Mixtures/Image_575.jpg,0.2774,0.559,0.0,0.1636
../../../data/Pseudo_Mixtures/Image_576.jpg,0.3312,0.4779,0.0005,0.1904
../../../data/Pseudo_Mixtures/Image_577.jpg,0.207,0.5472,0.0,0.2458
../../../data/Pseudo_Mixtures/Image_578.jpg,0.3169,0.4587,0.0001,0.2243
../../../data/Pseudo_Mixtures/Image_579.jpg,0.3113,0.544,0.0,0.1447
../../../data/Pseudo_Mixtures/Image_580.jpg,0.2876,0.4796,0.0001,0.2327
../../../data/Pseudo_Mixtures/Image_581.jpg,0.2976,0.4845,0.0,0.2179
../../../data/Pseudo_Mixtures/Image_582.jpg,0.2772,0.5502,0.0,0.1726
../../../data/Pseudo_Mixtures/Image_583.jpg,0.2754,0.5299,0.0,0.1947
../../../data/Pseudo_Mixtures/Image_584.jpg,0.1805,0.6544,0.0,0.1651
../../../data/Pseudo_Mixtures/Image_585.jpg,0.2506,0.5762,0.0,0.1732
../../../data/Pseudo_Mixtures/Image_586.jpg,0.3486,0.4738,0.0002,0.1774
../../../data/Pseudo_Mixtures/Image_587.jpg,0.3037,0.501,0.0001,0.1952
../../../data/Pseudo_Mixtures/Image_588.jpg,0.2641,0.5665,0.0002,0.1692
../../../data/Pseudo_Mixtures/Image_589.jpg,0.2388,0.527,0.0002,0.234
../../../data/Pseudo_Mixtures/Image_590.jpg,0.3468,0.4602,0.0,0.193
../../../data/Pseudo_Mixtures/Image_591.jpg,0.236,0.4989,0.0012,0.2639
../../../data/Pseudo_Mixtures/Image_592.jpg,0.3068,0.4668,0.0006,0.2258
../../../data/Pseudo_Mixtures/Image_593.jpg,0.2407,0.6269,0.0001,0.1324
../../../data/Pseudo_Mixtures/Image_594.jpg,0.2276,0.6027,0.0,0.1697
../../../data/Pseudo_Mixtures/Image_595.jpg,0.2726,0.4946,0.0,0.2328
../../../data/Pseudo_Mixtures/Image_596.jpg,0.2716,0.529,0.0001,0.1994
../../../data/Pseudo_Mixtures/Image_597.jpg,0.2406,0.5525,0.0195,0.1875
../../../data/Pseudo_Mixtures/Image_598.jpg,0.2518,0.5777,0.0,0.1704
../../../data/Pseudo_Mixtures/Image_599.jpg,0.3289,0.5825,0.0,0.0885
../../../data/Pseudo_Mixtures/Image_600.jpg,0.2804,0.5262,0.0002,0.1932
../../../data/Pseudo_Mixtures/Image_601.jpg,0.4363,0.3936,0.0001,0.1699
../../../data/Pseudo_Mixtures/Image_602.jpg,0.3243,0.5151,0.0,0.1606
../../../data/Pseudo_Mixtures/Image_603.jpg,0.3177,0.5156,0.0,0.1667
../../../data/Pseudo_Mixtures/Image_604.jpg,0.2819,0.5256,0.0,0.1925
../../../data/Pseudo_Mixtures/Image_605.jpg,0.3536,0.5128,0.0,0.1335
../../../data/Pseudo_Mixtures/Image_606.jpg,0.3296,0.5612,0.0,0.1092
../../../data/Pseudo_Mixtures/Image_607.jpg,0.2604,0.5669,0.0,0.1727
../../../data/Pseudo_Mixtures/Image_608.jpg,0.2786,0.569,0.0,0.1523
../../../data/Pseudo_Mixtures/Image_609.jpg,0.2621,0.5297,0.0,0.2083
../../../data/Pseudo_Mixtures/Image_610.jpg,0.3327,0.4402,0.0004,0.2266
../../../data/Pseudo_Mixtures/Image_611.jpg,0.3627,0.458,0.0013,0.1779
../../../data/Pseudo_Mixtures/Image_612.jpg,0.3555,0.5374,0.0,0.1071
../../../data/Pseudo_Mixtures/Image_613.jpg,0.2794,0.5048,0.0187,0.197
../../../data/Pseudo_Mixtures/Image_614.jpg,0.2383,0.5886,0.0,0.1731
../../../data/Pseudo_Mixtures/Image_615.jpg,0.2458,0.5909,0.0,0.1633
../../../data/Pseudo_Mixtures/Image_616.jpg,0.2804,0.5258,0.0001,0.1936
../../../data/Pseudo_Mixtures/Image_617.jpg,0.3043,0.5631,0.0001,0.1325
../../../data/Pseudo_Mixtures/Image_618.jpg,0.2549,0.5563,0.0,0.1888
../../../data/Pseudo_Mixtures/Image_619.jpg,0.2348,0.4433,0.0,0.3219
../../../data/Pseudo_Mixtures/Image_620.jpg,0.3386,0.5394,0.0,0.122
../../../data/Pseudo_Mixtures/Image_621.jpg,0.2808,0.5779,0.0032,0.1381
../../../data/Pseudo_Mixtures/Image_622.jpg,0.2438,0.627,0.0043,0.1249
../../../data/Pseudo_Mixtures/Image_623.jpg,0.3416,0.4759,0.0,0.1824
../../../data/Pseudo_Mixtures/Image_624.jpg,0.3826,0.4318,0.0,0.1855
../../../data/Pseudo_Mixtures/Image_625.jpg,0.3274,0.5126,0.0052,0.1547
../../../data/Pseudo_Mixtures/Image_626.jpg,0.2695,0.5271,0.0,0.2035
../../../data/Pseudo_Mixtures/Image_627.jpg,0.3502,0.5168,0.0,0.133
../../../data/Pseudo_Mixtures/Image_628.jpg,0.391,0.451,0.0008,0.1572
../../../data/Pseudo_Mixtures/Image_629.jpg,0.2884,0.5593,0.0,0.1523
../../../data/Pseudo_Mixtures/Image_630.jpg,0.3259,0.5095,0.0,0.1646
../../../data/Pseudo_Mixtures/Image_631.jpg,0.2446,0.5147,0.0,0.2407
../../../data/Pseudo_Mixtures/Image_632.jpg,0.2974,0.4942,0.0,0.2083
../../../data/Pseudo_Mixtures/Image_633.jpg,0.2249,0.5641,0.0,0.211
../../../data/Pseudo_Mixtures/Image_634.jpg,0.2664,0.5596,0.0001,0.1738
../../../data/Pseudo_Mixtures/Image_635.jpg,0.2782,0.5618,0.0022,0.1578
../../../data/Pseudo_Mixtures/Image_636.jpg,0.2682,0.5167,0.0001,0.215
../../../data/Pseudo_Mixtures/Image_637.jpg,0.2797,0.6085,0.0,0.1118
../../../data/Pseudo_Mixtures/Image_638.jpg,0.2427,0.5362,0.0,0.2211
../../../data/Pseudo_Mixtures/Image_639.jpg,0.2688,0.5379,0.0,0.1933
../../../data/Pseudo_Mixtures/Image_640.jpg,0.3147,0.477,0.0,0.2084
../../../data/Pseudo_Mixtures/Image_641.jpg,0.3369,0.517,0.0005,0.1456
../../../data/Pseudo_Mixtures/Image_642.jpg,0.3173,0.4979,0.0004,0.1844
../../../data/Pseudo_Mixtures/Image_643.jpg,0.2577,0.4731,0.0,0.2693
../../../data/Pseudo_Mixtures/Image_644.jpg,0.2802,0.5526,0.0,0.1672
../../../data/Pseudo_Mixtures/Image_645.jpg,0.3146,0.5541,0.0042,0.1272
../../../data/Pseudo_Mixtures/Image_646.jpg,0.2353,0.5179,0.0,0.2468
../../../data/Pseudo_Mixtures/Image_647.jpg,0.2135,0.6141,0.0004,0.1721
../../../data/Pseudo_Mixtures/Image_648.jpg,0.3227,0.4644,0.0,0.2128
../../../data/Pseudo_Mixtures/Image_649.jpg,0.2862,0.4738,0.0279,0.2121
../../../data/Pseudo_Mixtures/Image_650.jpg,0.2843,0.5233,0.0,0.1923
../../../data/Pseudo_Mixtures/Image_651.jpg,0.403,0.4305,0.0166,0.1499
../../../data/Pseudo_Mixtures/Image_652.jpg,0.1991,0.6706,0.0,0.1303
../../../data/Pseudo_Mixtures/Image_653.jpg,0.244,0.5141,0.0004,0.2415
../../../data/Pseudo_Mixtures/Image_654.jpg,0.286,0.5966,0.0,0.1174
../../../data/Pseudo_Mixtures/Image_655.jpg,0.184,0.618,0.0,0.1979
../../../data/Pseudo_Mixtures/Image_656.jpg,0.3387,0.5199,0.0027,0.1387
../../../data/Pseudo_Mixtures/Image_657.jpg,0.3782,0.419,0.0,0.2028
../../../data/Pseudo_Mixtures/Image_658.jpg,0.2875,0.4747,0.0,0.2378
../../../data/Pseudo_Mixtures/Image_659.jpg,0.2542,0.5912,0.0,0.1547
../../../data/Pseudo_Mixtures/Image_660.jpg,0.3169,0.4904,0.0027,0.19
../../../data/Pseudo_Mixtures/Image_661.jpg,0.3077,0.5043,0.0,0.188
../../../data/Pseudo_Mixtures/Image_662.jpg,0.2791,0.5226,0.0022,0.1961
../../../data/Pseudo_Mixtures/Image_663.jpg,0.3325,0.5413,0.0003,0.126
../../../data/Pseudo_Mixtures/Image_664.jpg,0.365,0.502,0.0,0.133
../../../data/Pseudo_Mixtures/Image_665.jpg,0.3009,0.5127,0.0,0.1864
../../../data/Pseudo_Mixtures/Image_666.jpg,0.2998,0.5613,0.0,0.1389
../../../data/Pseudo_Mixtures/Image_667.jpg,0.2087,0.5635,0.0,0.2278
../../../data/Pseudo_Mixtures/Image_668.jpg,0.2778,0.5132,0.0,0.209
../../../data/Pseudo_Mixtures/Image_669.jpg,0.332,0.4781,0.0003,0.1896
../../../data/Pseudo_Mixtures/Image_670.jpg,0.3292,0.5371,0.0,0.1337
../../../data/Pseudo_Mixtures/Image_671.jpg,0.3245,0.5689,0.0,0.1066
../../../data/Pseudo_Mixtures/Image_672.jpg,0.2659,0.5122,0.0177,0.2042
../../../data/Pseudo_Mixtures/Image_673.jpg,0.307,0.5817,0.0002,0.1112
../../../data/Pseudo_Mixtures/Image_674.jpg,0.2787,0.5216,0.0,0.1998
../../../data/Pseudo_Mixtures/Image_675.jpg,0.245,0.6039,0.0,0.1511
../../../data/Pseudo_Mixtures/Image_676.jpg,0.3351,0.5686,0.0,0.0963
../../../data/Pseudo_Mixtures/Image_677.jpg,0.2515,0.5715,0.0,0.1769
../../../data/Pseudo_Mixtures/Image_678.jpg,0.3268,0.4953,0.0,0.1779
../../../data/Pseudo_Mixtures/Image_679.jpg,0.2728,0.5234,0.0,0.2038
../../../data/Pseudo_Mixtures/Image_680.jpg,0.2624,0.5375,0.0,0.2001
../../../data/Pseudo_Mixtures/Image_681.jpg,0.2706,0.5782,0.0,0.1512
../../../data/Pseudo_Mixtures/Image_682.jpg,0.1858,0.6333,0.0015,0.1794
../../../data/Pseudo_Mixtures/Image_683.jpg,0.3357,0.4556,0.0,0.2087
../../../data/Pseudo_Mixtures/Image_684.jpg,0.4522,0.416,0.0,0.1318
../../../data/Pseudo_Mixtures/Image_685.jpg,0.2227,0.6079,0.0001,0.1693
../../../data/Pseudo_Mixtures/Image_686.jpg,0.3282,0.5203,0.0002,0.1514
../../../data/Pseudo_Mixtures/Image_687.jpg,0.2873,0.4209,0.0001,0.2917
../../../data/Pseudo_Mixtures/Image_688.jpg,0.2666,0.5551,0.0,0.1783
../../../data/Pseudo_Mixtures/Image_689.jpg,0.3773,0.4706,0.0,0.152
../../../data/Pseudo_Mixtures/Image_690.jpg,0.3974,0.3946,0.0,0.208
../../../data/Pseudo_Mixtures/Image_691.jpg,0.2173,0.5612,0.0,0.2215
../../../data/Pseudo_Mixtures/Image_692.jpg,0.3224,0.5278,0.0,0.1498
../../../data/Pseudo_Mixtures/Image_693.jpg,0.3037,0.5098,0.0,0.1865
../../../data/Pseudo_Mixtures/Image_694.jpg,0.3274,0.4223,0.0,0.2503
../../../data/Pseudo_Mixtures/Image_695.jpg,0.2985,0.4369,0.0,0.2646
../../../data/Pseudo_Mixtures/Image_696.jpg,0.278,0.4586,0.0,0.2634
../../../data/Pseudo_Mixtures/Image_697.jpg,0.2546,0.5418,0.0,0.2036
../../../data/Pseudo_Mixtures/Image_698.jpg,0.3631,0.4859,0.0,0.151
../../../data/Pseudo_Mixtures/Image_699.jpg,0.3355,0.4846,0.0003,0.1795
../../../data/Pseudo_Mixtures/Image_700.jpg,0.2052,0.5107,0.0002,0.2839
../../../data/Pseudo_Mixtures/Image_701.jpg,0.262,0.5819,0.0,0.1561
../../../data/Pseudo_Mixtures/Image_702.jpg,0.2832,0.4968,0.0,0.2199
../../../data/Pseudo_Mixtures/Image_703.jpg,0.2712,0.6232,0.0001,0.1054
../../../data/Pseudo_Mixtures/Image_704.jpg,0.2688,0.5358,0.0,0.1954
../../../data/Pseudo_Mixtures/Image_705.jpg,0.2366,0.5996,0.0,0.1638
../../../data/Pseudo_Mixtures/Image_706.jpg,0.2919,0.4781,0.0001,0.2299
../../../data/Pseudo_Mixtures/Image_707.jpg,0.2773,0.5667,0.0,0.156
../../../data/Pseudo_Mixtures/Image_708.jpg,0.2741,0.5055,0.0002,0.2202
../../../data/Pseudo_Mixtures/Image_709.jpg,0.2725,0.5185,0.0,0.209
../../../data/Pseudo_Mixtures/Image_710.jpg,0.2936,0.4071,0.0004,0.2988
../../../data/Pseudo_Mixtures/Image_711.jpg,0.3108,0.5514,0.0,0.1378
../../../data/Pseudo_Mixtures/Image_712.jpg,0.3417,0.4929,0.0,0.1654
../../../data/Pseudo_Mixtures/Image_713.jpg,0.226,0.5916,0.0,0.1824
../../../data/Pseudo_Mixtures/Image_714.jpg,0.245,0.5861,0.0,0.1689
../../../data/Pseudo_Mixtures/Image_715.jpg,0.2843,0.5645,0.0003,0.1508
../../../data/Pseudo_Mixtures/Image_716.jpg,0.2095,0.6337,0.0,0.1567
../../../data/Pseudo_Mixtures/Image_717.jpg,0.3484,0.5227,0.0107,0.1182
../../../data/Pseudo_Mixtures/Image_718.jpg,0.1676,0.6778,0.0009,0.1537
../../../data/Pseudo_Mixtures/Image_719.jpg,0.3229,0.5509,0.0,0.1262
../../../data/Pseudo_Mixtures/Image_720.jpg,0.3196,0.5177,0.0,0.1627
../../../data/Pseudo_Mixtures/Image_721.jpg,0.3545,0.4343,0.0124,0.1987
../../../data/Pseudo_Mixtures/Image_722.jpg,0.2493,0.5307,0.0,0.22
../../../data/Pseudo_Mixtures/Image_723.jpg,0.2573,0.5526,0.0021,0.188
../../../data/Pseudo_Mixtures/Image_724.jpg,0.2956,0.5581,0.0,0.1463
../../../data/Pseudo_Mixtures/Image_725.jpg,0.2784,0.41,0.0,0.3116
../../../data/Pseudo_Mixtures/Image_726.jpg,0.3228,0.5042,0.0,0.173
../../../data/Pseudo_Mixtures/Image_727.jpg,0.2679,0.5159,0.0,0.2162
../../../data/Pseudo_Mixtures/Image_728.jpg,0.2257,0.5205,0.0,0.2539
../../../data/Pseudo_Mixtures/Image_729.jpg,0.2697,0.5707,0.0,0.1595
../../../data/Pseudo_Mixtures/Image_730.jpg,0.2941,0.5569,0.0,0.149
../../../data/Pseudo_Mixtures/Image_731.jpg,0.2024,0.6158,0.0,0.1818
../../../data/Pseudo_Mixtures/Image_732.jpg,0.3481,0.4935,0.0,0.1584
../../../data/Pseudo_Mixtures/Image_733.jpg,0.2525,0.4881,0.0,0.2594
../../../data/Pseudo_Mixtures/Image_734.jpg,0.3272,0.5278,0.0011,0.1439
../../../data/Pseudo_Mixtures/Image_735.jpg,0.2894,0.5873,0.0,0.1233
../../../data/Pseudo_Mixtures/Image_736.jpg,0.3195,0.3939,0.0,0.2866
../../../data/Pseudo_Mixtures/Image_737.jpg,0.2728,0.5694,0.0006,0.1572
../../../data/Pseudo_Mixtures/Image_738.jpg,0.2419,0.5411,0.0,0.2171
../../../data/Pseudo_Mixtures/Image_739.jpg,0.2642,0.5876,0.0001,0.1481
../../../data/Pseudo_Mixtures/Image_740.jpg,0.2912,0.58,0.0,0.1288
../../../data/Pseudo_Mixtures/Image_741.jpg,0.2794,0.5876,0.0032,0.1297
../../../data/Pseudo_Mixtures/Image_742.jpg,0.3405,0.5159,0.0,0.1436
../../../data/Pseudo_Mixtures/Image_743.jpg,0.3102,0.5321,0.0,0.1577
../../../data/Pseudo_Mixtures/Image_744.jpg,0.2552,0.5695,0.0,0.1753
../../../data/Pseudo_Mixtures/Image_745.jpg,0.2868,0.5064,0.0,0.2069
../../../data/Pseudo_Mixtures/Image_746.jpg,0.316,0.5161,0.0197,0.1482
../../../data/Pseudo_Mixtures/Image_747.jpg,0.2774,0.5314,0.001,0.1901
../../../data/Pseudo_Mixtures/Image_748.jpg,0.3537,0.472,0.0001,0.1743
../../../data/Pseudo_Mixtures/Image_749.jpg,0.2651,0.56,0.0,0.1749
../../../data/Pseudo_Mixtures/Image_750.jpg,0.3559,0.4141,0.0,0.23
../../../data/Pseudo_Mixtures/Image_751.jpg,0.327,0.5125,0.0,0.1605
../../../data/Pseudo_Mixtures/Image_752.jpg,0.2288,0.5522,0.0,0.219
../../../data/Pseudo_Mixtures/Image_753.jpg,0.3033,0.5563,0.0,0.1404
../../../data/Pseudo_Mixtures/Image_754.jpg,0.3112,0.508,0.0,0.1807
../../../data/Pseudo_Mixtures/Image_755.jpg,0.3594,0.4638,0.0,0.1768
../../../data/Pseudo_Mixtures/Image_756.jpg,0.3014,0.5067,0.0,0.1919
../../../data/Pseudo_Mixtures/Image_757.jpg,0.2535,0.5244,0.0,0.2222
../../../data/Pseudo_Mixtures/Image_758.jpg,0.311,0.5214,0.0033,0.1642
../../../data/Pseudo_Mixtures/Image_759.jpg,0.2696,0.5642,0.0,0.1662
../../../data/Pseudo_Mixtures/Image_760.jpg,0.2768,0.5266,0.0,0.1966
../../../data/Pseudo_Mixtures/Image_761.jpg,0.1941,0.5595,0.0,0.2463
../../../data/Pseudo_Mixtures/Image_762.jpg,0.2455,0.5283,0.0,0.2262
../../../data/Pseudo_Mixtures/Image_763.jpg,0.2833,0.5071,0.0,0.2096
../../../data/Pseudo_Mixtures/Image_764.jpg,0.2251,0.4768,0.0,0.2982
../../../data/Pseudo_Mixtures/Image_765.jpg,0.2785,0.5812,0.0,0.1403
../../../data/Pseudo_Mixtures/Image_766.jpg,0.3565,0.569,0.0,0.0745
../../../data/Pseudo_Mixtures/Image_767.jpg,0.1931,0.6199,0.0,0.187
../../../data/Pseudo_Mixtures/Image_768.jpg,0.2771,0.5381,0.0,0.1849
../../../data/Pseudo_Mixtures/Image_769.jpg,0.1822,0.5495,0.0028,0.2654
../../../data/Pseudo_Mixtures/Image_770.jpg,0.2389,0.5213,0.0,0.2398
../../../data/Pseudo_Mixtures/Image_771.jpg,0.2895,0.4275,0.0,0.283
../../../data/Pseudo_Mixtures/Image_772.jpg,0.3237,0.4844,0.0,0.1918
../../../data/Pseudo_Mixtures/Image_773.jpg,0.2287,0.5612,0.0,0.21
../../../data/Pseudo_Mixtures/Image_774.jpg,0.2487,0.5607,0.0,0.1906
../../../data/Pseudo_Mixtures/Image_775.jpg,0.2286,0.6085,0.0,0.1629
../../../data/Pseudo_Mixtures/Image_776.jpg,0.3218,0.5318,0.0,0.1465
../../../data/Pseudo_Mixtures/Image_777.jpg,0.3029,0.5843,0.0001,0.1128
../../../data/Pseudo_Mixtures/Image_778.jpg,0.2309,0.5689,0.0,0.2002
../../../data/Pseudo_Mixtures/Image_779.jpg,0.2849,0.6089,0.0036,0.1026
../../../data/Pseudo_Mixtures/Image_780.jpg,0.2664,0.4842,0.0,0.2493
../../../data/Pseudo_Mixtures/Image_781.jpg,0.2711,0.5593,0.0004,0.1692
../../../data/Pseudo_Mixtures/Image_782.jpg,0.2908,0.5644,0.0,0.1448
../../../data/Pseudo_Mixtures/Image_783.jpg,0.3007,0.5985,0.0,0.1008
../../../data/Pseudo_Mixtures/Image_784.jpg,0.2418,0.5297,0.0,0.2284
../../../data/Pseudo_Mixtures/Image_785.jpg,0.2012,0.6102,0.0004,0.1882
../../../data/Pseudo_Mixtures/Image_786.jpg,0.2628,0.5845,0.0001,0.1527
../../../data/Pseudo_Mixtures/Image_787.jpg,0.3276,0.4942,0.0,0.1782
../../../data/Pseudo_Mixtures/Image_788.jpg,0.4152,0.4383,0.0,0.1465
../../../data/Pseudo_Mixtures/Image_789.jpg,0.374,0.4313,0.0,0.1946
../../../data/Pseudo_Mixtures/Image_790.jpg,0.3041,0.5562,0.0027,0.1369
../../../data/Pseudo_Mixtures/Image_791.jpg,0.2854,0.5841,0.0,0.1305
../../../data/Pseudo_Mixtures/Image_792.jpg,0.3335,0.5448,0.0005,0.1212
../../../data/Pseudo_Mixtures/Image_793.jpg,0.3375,0.532,0.0,0.1305
../../../data/Pseudo_Mixtures/Image_794.jpg,0.2408,0.563,0.0,0.1962
../../../data/Pseudo_Mixtures/Image_795.jpg,0.3459,0.4641,0.0,0.19
../../../data/Pseudo_Mixtures/Image_796.jpg,0.3135,0.4999,0.0,0.1866
../../../data/Pseudo_Mixtures/Image_797.jpg,0.3099,0.5039,0.0,0.1862
../../../data/Pseudo_Mixtures/Image_798.jpg,0.2384,0.4981,0.0,0.2635
../../../data/Pseudo_Mixtures/Image_799.jpg,0.3336,0.4463,0.0,0.2201
../../../data/Pseudo_Mixtures/Image_800.jpg,0.3817,0.4932,0.0,0.1252
../../../data/Pseudo_Mixtures/Image_801.jpg,0.2901,0.5828,0.0031,0.1241
../../../data/Pseudo_Mixtures/Image_802.jpg,0.4067,0.4256,0.0001,0.1676
../../../data/Pseudo_Mixtures/Image_803.jpg,0.2756,0.5088,0.0,0.2155
../../../data/Pseudo_Mixtures/Image_804.jpg,0.2873,0.4938,0.0001,0.2188
../../../data/Pseudo_Mixtures/Image_805.jpg,0.2391,0.5513,0.0,0.2096
../../../data/Pseudo_Mixtures/Image_806.jpg,0.2595,0.5503,0.0,0.1902
../../../data/Pseudo_Mixtures/Image_807.jpg,0.3125,0.5365,0.0049,0.1462
../../../data/Pseudo_Mixtures/Image_808.jpg,0.3095,0.4914,0.0,0.1991
../../../data/Pseudo_Mixtures/Image_809.jpg,0.2713,0.5255,0.0007,0.2025
../../../data/Pseudo_Mixtures/Image_810.jpg,0.3494,0.4883,0.0,0.1623
../../../data/Pseudo_Mixtures/Image_811.jpg,0.265,0.5292,0.0003,0.2056
../../../data/Pseudo_Mixtures/Image_812.jpg,0.2917,0.5231,0.0013,0.1839
../../../data/Pseudo_Mixtures/Image_813.jpg,0.3072,0.4883,0.0001,0.2045
../../../data/Pseudo_Mixtures/Image_814.jpg,0.2993,0.5248,0.0,0.1759
../../../data/Pseudo_Mixtures/Image_815.jpg,0.3155,0.4587,0.0157,0.2101
../../../data/Pseudo_Mixtures/Image_816.jpg,0.2859,0.6399,0.0005,0.0737
../../../data/Pseudo_Mixtures/Image_817.jpg,0.3134,0.508,0.0,0.1785
../../../data/Pseudo_Mixtures/Image_818.jpg,0.3048,0.5257,0.0,0.1696
../../../data/Pseudo_Mixtures/Image_819.jpg,0.2423,0.5329,0.0078,0.2171
../../../data/Pseudo_Mixtures/Image_820.jpg,0.3241,0.537,0.0005,0.1384
../../../data/Pseudo_Mixtures/Image_821.jpg,0.2443,0.5576,0.0,0.1981
../../../data/Pseudo_Mixtures/Image_822.jpg,0.245,0.6133,0.0,0.1417
../../../data/Pseudo_Mixtures/Image_823.jpg,0.2966,0.5319,0.0,0.1714
../../../data/Pseudo_Mixtures/Image_824.jpg,0.3098,0.4936,0.0037,0.1929
../../../data/Pseudo_Mixtures/Image_825.jpg,0.2379,0.5747,0.0,0.1875
../../../data/Pseudo_Mixtures/Image_826.jpg,0.3592,0.5019,0.0015,0.1374
../../../data/Pseudo_Mixtures/Image_827.jpg,0.3083,0.5447,0.0,0.147
../../../data/Pseudo_Mixtures/Image_828.jpg,0.3029,0.5037,0.0002,0.1933
../../../data/Pseudo_Mixtures/Image_829.jpg,0.3119,0.4804,0.0003,0.2074
../../../data/Pseudo_Mixtures/Image_830.jpg,0.3294,0.5072,0.0,0.1634
../../../data/Pseudo_Mixtures/Image_831.jpg,0.2539,0.6271,0.0016,0.1174
../../../data/Pseudo_Mixtures/Image_832.jpg,0.2753,0.5801,0.0,0.1447
../../../data/Pseudo_Mixtures/Image_833.jpg,0.2837,0.5381,0.006,0.1722
../../../data/Pseudo_Mixtures/Image_834.jpg,0.262,0.6039,0.0,0.1341
../../../data/Pseudo_Mixtures/Image_835.jpg,0.3287,0.5299,0.0,0.1414
../../../data/Pseudo_Mixtures/Image_836.jpg,0.344,0.474,0.0001,0.1819
../../../data/Pseudo_Mixtures/Image_837.jpg,0.3313,0.4723,0.0,0.1964
../../../data/Pseudo_Mixtures/Image_838.jpg,0.2785,0.4425,0.0,0.279
../../../data/Pseudo_Mixtures/Image_839.jpg,0.3163,0.52,0.0,0.1637
../../../data/Pseudo_Mixtures/Image_840.jpg,0.3279,0.4839,0.0,0.1881
../../../data/Pseudo_Mixtures/Image_841.jpg,0.2254,0.5836,0.0001,0.1909
../../../data/Pseudo_Mixtures/Image_842.jpg,0.2824,0.5128,0.0,0.2048
../../../data/Pseudo_Mixtures/Image_843.jpg,0.26,0.4577,0.0,0.2823
../../../data/Pseudo_Mixtures/Image_844.jpg,0.29,0.4605,0.0,0.2495
../../../data/Pseudo_Mixtures/Image_845.jpg,0.274,0.5254,0.0,0.2005
../../../data/Pseudo_Mixtures/Image_846.jpg,0.2939,0.4973,0.0008,0.208
../../../data/Pseudo_Mixtures/Image_847.jpg,0.2782,0.6122,0.0,0.1096
../../../data/Pseudo_Mixtures/Image_848.jpg,0.3082,0.5482,0.0,0.1436
../../../data/Pseudo_Mixtures/Image_849.jpg,0.2301,0.5732,0.0,0.1967
../../../data/Pseudo_Mixtures/Image_850.jpg,0.314,0.5,0.0,0.186
../../../data/Pseudo_Mixtures/Image_851.jpg,0.2602,0.5409,0.0006,0.1982
../../../data/Pseudo_Mixtures/Image_852.jpg,0.3038,0.5185,0.0,0.1777
../../../data/Pseudo_Mixtures/Image_853.jpg,0.2474,0.6172,0.0,0.1354
../../../data/Pseudo_Mixtures/Image_854.jpg,0.3086,0.5464,0.0,0.1449
../../../data/Pseudo_Mixtures/Image_855.jpg,0.2559,0.5563,0.0129,0.1749
../../../data/Pseudo_Mixtures/Image_856.jpg,0.3223,0.5783,0.0,0.0995
../../../data/Pseudo_Mixtures/Image_857.jpg,0.276,0.541,0.0,0.183
../../../data/Pseudo_Mixtures/Image_858.jpg,0.2791,0.505,0.0129,0.2029
../../../data/Pseudo_Mixtures/Image_859.jpg,0.2735,0.4467,0.002,0.2778
../../../data/Pseudo_Mixtures/Image_860.jpg,0.3124,0.4455,0.0,0.2421
../../../data/Pseudo_Mixtures/Image_861.jpg,0.3016,0.5253,0.0001,0.173
../../../data/Pseudo_Mixtures/Image_862.jpg,0.266,0.5895,0.0003,0.1441
../../../data/Pseudo_Mixtures/Image_863.jpg,0.2446,0.527,0.0,0.2284
../../../data/Pseudo_Mixtures/Image_864.jpg,0.3628,0.4374,0.0004,0.1994
../../../data/Pseudo_Mixtures/Image_865.jpg,0.2346,0.5881,0.0,0.1773
../../../data/Pseudo_Mixtures/Image_866.jpg,0.2656,0.5485,0.0,0.1859
../../../data/Pseudo_Mixtures/Image_867.jpg,0.236,0.5344,0.0002,0.2295
../../../data/Pseudo_Mixtures/Image_868.jpg,0.248,0.5519,0.0,0.2001
../../../data/Pseudo_Mixtures/Image_869.jpg,0.2559,0.5492,0.0,0.1949
../../../data/Pseudo_Mixtures/Image_870.jpg,0.2255,0.5376,0.0,0.2369
../../../data/Pseudo_Mixtures/Image_871.jpg,0.272,0.5535,0.0,0.1745
../../../data/Pseudo_Mixtures/Image_872.jpg,0.3194,0.5131,0.0,0.1675
../../../data/Pseudo_Mixtures/Image_873.jpg,0.329,0.4534,0.0024,0.2153
../../../data/Pseudo_Mixtures/Image_874.jpg,0.3453,0.4853,0.0002,0.1693
../../../data/Pseudo_Mixtures/Image_875.jpg,0.229,0.6043,0.0,0.1667
../../../data/Pseudo_Mixtures/Image_876.jpg,0.3531,0.4888,0.0,0.1581
../../../data/Pseudo_Mixtures/Image_877.jpg,0.235,0.6782,0.0,0.0868
../../../data/Pseudo_Mixtures/Image_878.jpg,0.1993,0.6435,0.0,0.1573
../../../data/Pseudo_Mixtures/Image_879.jpg,0.2596,0.5119,0.0001,0.2284
../../../data/Pseudo_Mixtures/Image_880.jpg,0.3169,0.4998,0.0,0.1834
../../../data/Pseudo_Mixtures/Image_881.jpg,0.1828,0.5922,0.0024,0.2225
../../../data/Pseudo_Mixtures/Image_882.jpg,0.2545,0.5425,0.0003,0.2028
../../../data/Pseudo_Mixtures/Image_883.jpg,0.243,0.5399,0.0,0.2171
../../../data/Pseudo_Mixtures/Image_884.jpg,0.2492,0.6057,0.0002,0.1449
../../../data/Pseudo_Mixtures/Image_885.jpg,0.297,0.4847,0.0006,0.2177
../../../data/Pseudo_Mixtures/Image_886.jpg,0.3211,0.4914,0.0,0.1874
../../../data/Pseudo_Mixtures/Image_887.jpg,0.3252,0.4802,0.0,0.1946
../../../data/Pseudo_Mixtures/Image_888.jpg,0.2934,0.5019,0.0009,0.2037
../../../data/Pseudo_Mixtures/Image_889.jpg,0.3041,0.4663,0.0,0.2297
../../../data/Pseudo_Mixtures/Image_890.jpg,0.3222,0.4783,0.0,0.1996
../../../data/Pseudo_Mixtures/Image_891.jpg,0.215,0.5905,0.0,0.1945
../../../data/Pseudo_Mixtures/Image_892.jpg,0.2952,0.4796,0.0075,0.2177
../../../data/Pseudo_Mixtures/Image_893.jpg,0.3326,0.462,0.0,0.2054
../../../data/Pseudo_Mixtures/Image_894.jpg,0.2508,0.5693,0.0,0.1799
../../../data/Pseudo_Mixtures/Image_895.jpg,0.3438,0.48,0.0,0.1762
../../../data/Pseudo_Mixtures/Image_896.jpg,0.279,0.5228,0.0,0.1982
../../../data/Pseudo_Mixtures/Image_897.jpg,0.2885,0.5788,0.0,0.1327
../../../data/Pseudo_Mixtures/Image_898.jpg,0.3837,0.3981,0.0,0.2182
../../../data/Pseudo_Mixtures/Image_899.jpg,0.2822,0.576,0.0,0.1418
../../../data/Pseudo_Mixtures/Image_900.jpg,0.3551,0.4958,0.0,0.1492
../../../data/Pseudo_Mixtures/Image_901.jpg,0.295,0.5208,0.0,0.1842
../../../data/Pseudo_Mixtures/Image_902.jpg,0.3433,0.5342,0.0,0.1225
../../../data/Pseudo_Mixtures/Image_903.jpg,0.2601,0.5886,0.0,0.1513
../../../data/Pseudo_Mixtures/Image_904.jpg,0.3151,0.5058,0.0,0.179
../../../data/Pseudo_Mixtures/Image_905.jpg,0.3326,0.5019,0.0001,0.1654
../../../data/Pseudo_Mixtures/Image_906.jpg,0.3478,0.4803,0.0,0.1719
../../../data/Pseudo_Mixtures/Image_907.jpg,0.2636,0.5851,0.0003,0.1511
../../../data/Pseudo_Mixtures/Image_908.jpg,0.3615,0.4318,0.0,0.2067
../../../data/Pseudo_Mixtures/Image_909.jpg,0.2903,0.5373,0.0048,0.1676
../../../data/Pseudo_Mixtures/Image_910.jpg,0.3944,0.461,0.0,0.1445
../../../data/Pseudo_Mixtures/Image_911.jpg,0.3271,0.5395,0.0,0.1333
../../../data/Pseudo_Mixtures/Image_912.jpg,0.1935,0.5496,0.0,0.2569
../../../data/Pseudo_Mixtures/Image_913.jpg,0.3242,0.5267,0.0,0.149
../../../data/Pseudo_Mixtures/Image_914.jpg,0.2307,0.6086,0.0,0.1607
../../../data/Pseudo_Mixtures/Image_915.jpg,0.3057,0.5052,0.0,0.1891
../../../data/Pseudo_Mixtures/Image_916.jpg,0.2009,0.5657,0.0069,0.2265
../../../data/Pseudo_Mixtures/Image_917.jpg,0.2944,0.4963,0.0001,0.2092
../../../data/Pseudo_Mixtures/Image_918.jpg,0.2508,0.5124,0.003,0.2339
../../../data/Pseudo_Mixtures/Image_919.jpg,0.2924,0.4977,0.0,0.2099
../../../data/Pseudo_Mixtures/Image_920.jpg,0.2977,0.5272,0.0,0.1751
../../../data/Pseudo_Mixtures/Image_921.jpg,0.2764,0.538,0.0,0.1856
../../../data/Pseudo_Mixtures/Image_922.jpg,0.2845,0.536,0.0076,0.1718
../../../data/Pseudo_Mixtures/Image_923.jpg,0.3078,0.5475,0.0012,0.1434
../../../data/Pseudo_Mixtures/Image_924.jpg,0.2509,0.5587,0.0099,0.1805
../../../data/Pseudo_Mixtures/Image_925.jpg,0.2742,0.5604,0.0011,0.1643
../../../data/Pseudo_Mixtures/Image_926.jpg,0.2864,0.5767,0.0007,0.1362
../../../data/Pseudo_Mixtures/Image_927.jpg,0.3443,0.4454,0.002,0.2082
../../../data/Pseudo_Mixtures/Image_928.jpg,0.3089,0.4399,0.0003,0.251
../../../data/Pseudo_Mixtures/Image_929.jpg,0.3107,0.5114,0.0,0.1779
../../../data/Pseudo_Mixtures/Image_930.jpg,0.389,0.4925,0.0001,0.1185
../../../data/Pseudo_Mixtures/Image_931.jpg,0.2644,0.5868,0.0008,0.148
../../../data/Pseudo_Mixtures/Image_932.jpg,0.3065,0.5288,0.0,0.1647
../../../data/Pseudo_Mixtures/Image_933.jpg,0.2228,0.556,0.0,0.2213
../../../data/Pseudo_Mixtures/Image_934.jpg,0.3704,0.3958,0.004,0.2298
../../../data/Pseudo_Mixtures/Image_935.jpg,0.2769,0.5331,0.0,0.1899
../../../data/Pseudo_Mixtures/Image_936.jpg,0.3144,0.4769,0.0,0.2087
../../../data/Pseudo_Mixtures/Image_937.jpg,0.3487,0.5053,0.0003,0.1457
../../../data/Pseudo_Mixtures/Image_938.jpg,0.3485,0.5452,0.0,0.1062
../../../data/Pseudo_Mixtures/Image_939.jpg,0.2878,0.6094,0.0,0.1028
../../../data/Pseudo_Mixtures/Image_940.jpg,0.2124,0.5997,0.0,0.188
../../../data/Pseudo_Mixtures/Image_941.jpg,0.2181,0.6374,0.0008,0.1436
../../../data/Pseudo_Mixtures/Image_942.jpg,0.2715,0.5138,0.0004,0.2144
../../../data/Pseudo_Mixtures/Image_943.jpg,0.2675,0.5653,0.0,0.1673
../../../data/Pseudo_Mixtures/Image_944.jpg,0.3578,0.4555,0.0,0.1867
../../../data/Pseudo_Mixtures/Image_945.jpg,0.2924,0.4889,0.0,0.2187
../../../data/Pseudo_Mixtures/Image_946.jpg,0.3613,0.4573,0.0001,0.1814
../../../data/Pseudo_Mixtures/Image_947.jpg,0.2615,0.5778,0.0016,0.1591
../../../data/Pseudo_Mixtures/Image_948.jpg,0.27,0.5496,0.0,0.1804
../../../data/Pseudo_Mixtures/Image_949.jpg,0.3024,0.5094,0.0001,0.1881
../../../data/Pseudo_Mixtures/Image_950.jpg,0.3016,0.5772,0.0,0.1212
../../../data/Pseudo_Mixtures/Image_951.jpg,0.2845,0.5294,0.0,0.1861
../../../data/Pseudo_Mixtures/Image_952.jpg,0.3002,0.5416,0.0,0.1582
../../../data/Pseudo_Mixtures/Image_953.jpg,0.2843,0.5133,0.0013,0.2011
../../../data/Pseudo_Mixtures/Image_954.jpg,0.4093,0.4532,0.0005,0.137
../../../data/Pseudo_Mixtures/Image_955.jpg,0.277,0.5418,0.0,0.1812
../../../data/Pseudo_Mixtures/Image_956.jpg,0.2897,0.547,0.0,0.1633
../../../data/Pseudo_Mixtures/Image_957.jpg,0.3261,0.5025,0.0027,0.1687
../../../data/Pseudo_Mixtures/Image_958.jpg,0.3209,0.4873,0.0007,0.1911
../../../data/Pseudo_Mixtures/Image_959.jpg,0.3569,0.4792,0.0,0.1639
../../../data/Pseudo_Mixtures/Image_960.jpg,0.2445,0.5981,0.0053,0.1521
../../../data/Pseudo_Mixtures/Image_961.jpg,0.2557,0.5449,0.0,0.1993
../../../data/Pseudo_Mixtures/Image_962.jpg,0.283,0.5363,0.0021,0.1786
../../../data/Pseudo_Mixtures/Image_963.jpg,0.2684,0.5352,0.0011,0.1953
../../../data/Pseudo_Mixtures/Image_964.jpg,0.2575,0.5553,0.0,0.1872
../../../data/Pseudo_Mixtures/Image_965.jpg,0.3425,0.4602,0.0,0.1972
../../../data/Pseudo_Mixtures/Image_966.jpg,0.2517,0.5273,0.0026,0.2184
../../../data/Pseudo_Mixtures/Image_967.jpg,0.1998,0.6554,0.0,0.1449
../../../data/Pseudo_Mixtures/Image_968.jpg,0.2292,0.5788,0.0029,0.1892
../../../data/Pseudo_Mixtures/Image_969.jpg,0.2885,0.5042,0.0105,0.1968
../../../data/Pseudo_Mixtures/Image_970.jpg,0.3363,0.4972,0.0,0.1666
../../../data/Pseudo_Mixtures/Image_971.jpg,0.3463,0.4587,0.0,0.195
../../../data/Pseudo_Mixtures/Image_972.jpg,0.28,0.5477,0.0008,0.1714
../../../data/Pseudo_Mixtures/Image_973.jpg,0.2934,0.5609,0.0,0.1458
../../../data/Pseudo_Mixtures/Image_974.jpg,0.2459,0.5648,0.0,0.1893
../../../data/Pseudo_Mixtures/Image_975.jpg,0.3297,0.4566,0.0008,0.213
../../../data/Pseudo_Mixtures/Image_976.jpg,0.2168,0.5948,0.0001,0.1883
../../../data/Pseudo_Mixtures/Image_977.jpg,0.2349,0.5244,0.0,0.2407
../../../data/Pseudo_Mixtures/Image_978.jpg,0.2019,0.6009,0.0,0.1972
../../../data/Pseudo_Mixtures/Image_979.jpg,0.3693,0.4868,0.0,0.144
../../../data/Pseudo_Mixtures/Image_980.jpg,0.2663,0.5009,0.0,0.2327
../../../data/Pseudo_Mixtures/Image_981.jpg,0.2846,0.5451,0.0,0.1703
../../../data/Pseudo_Mixtures/Image_982.jpg,0.2523,0.65,0.0081,0.0896
../../../data/Pseudo_Mixtures/Image_983.jpg,0.3052,0.5215,0.0,0.1733
../../../data/Pseudo_Mixtures/Image_984.jpg,0.2191,0.6044,0.0125,0.1641
../../../data/Pseudo_Mixtures/Image_985.jpg,0.3437,0.5212,0.0,0.1352
../../../data/Pseudo_Mixtures/Image_986.jpg,0.1643,0.6173,0.0,0.2184
../../../data/Pseudo_Mixtures/Image_987.jpg,0.2655,0.5779,0.0,0.1566
../../../data/Pseudo_Mixtures/Image_988.jpg,0.2089,0.6465,0.0169,0.1276
../../../data/Pseudo_Mixtures/Image_989.jpg,0.3699,0.4346,0.0,0.1955
../../../data/Pseudo_Mixtures/Image_990.jpg,0.265,0.5536,0.0001,0.1812
../../../data/Pseudo_Mixtures/Image_991.jpg,0.2793,0.4459,0.0013,0.2735
../../../data/Pseudo_Mixtures/Image_992.jpg,0.3461,0.4133,0.0,0.2406
../../../data/Pseudo_Mixtures/Image_993.jpg,0.2731,0.451,0.0,0.2759
../../../data/Pseudo_Mixtures/Image_994.jpg,0.3058,0.5472,0.0007,0.1464
../../../data/Pseudo_Mixtures/Image_995.jpg,0.3532,0.4908,0.0045,0.1515
../../../data/Pseudo_Mixtures/Image_996.jpg,0.3414,0.4783,0.0001,0.1801
../../../data/Pseudo_Mixtures/Image_997.jpg,0.2757,0.4849,0.0018,0.2376
../../../data/Pseudo_Mixtures/Image_998.jpg,0.2845,0.6174,0.0,0.098
../../../data/Pseudo_Mixtures/Image_999.jpg,0.3381,0.4899,0.0,0.172
../../../data/Pseudo_Mixtures/Image_1000.jpg,0.2764,0.5759,0.0005,0.1472
